prioridad,bailabilidad,energia,valencia,acustica,tempo,duracion_min,volumen_db,anio,colaboracion,genero,reproducciones_sem1,popularidad,es_hit,tarea,modelo,popularidad_esperada,rango,corte_promocion,probabilidad_hit,umbral,promocionar,explicacion
1,0.807,0.882,0.195,0.321,128.2,4.04,-3.7,2025,1,urbano,931073,90.6,1,regresion,lineal + duración² (2026-09-27),87.4,"[81.6, 93.1]",65.0,,,True,popularidad esperada 87.4 (±5.75) supera el corte 65
2,0.878,0.94,0.101,0.061,108.9,3.16,-4.3,2021,0,pop,694044,77.8,1,regresion,lineal + duración² (2026-09-27),85.6,"[79.9, 91.4]",65.0,,,True,popularidad esperada 85.6 (±5.75) supera el corte 65
3,0.737,0.771,0.944,0.031,161.2,2.82,-6.9,2022,0,pop,666557,75.4,1,regresion,lineal + duración² (2026-09-27),84.9,"[79.2, 90.7]",65.0,,,True,popularidad esperada 84.9 (±5.75) supera el corte 65
4,0.892,0.67,0.614,0.051,156.6,3.52,-9.8,2021,0,urbano,650006,75.0,1,regresion,lineal + duración² (2026-09-27),84.3,"[78.5, 90.0]",65.0,,,True,popularidad esperada 84.3 (±5.75) supera el corte 65
5,0.78,0.807,0.27,0.284,117.4,3.13,-3.7,2023,1,pop,695298,76.9,1,regresion,lineal + duración² (2026-09-27),83.9,"[78.2, 89.7]",65.0,,,True,popularidad esperada 83.9 (±5.75) supera el corte 65
6,0.882,0.651,0.7,0.14,92.5,3.01,-9.1,2020,0,urbano,636741,72.7,1,regresion,lineal + duración² (2026-09-27),83.3,"[77.6, 89.1]",65.0,,,True,popularidad esperada 83.3 (±5.75) supera el corte 65
7,0.915,0.667,0.473,0.102,109.0,4.37,-4.9,2024,0,urbano,596708,75.3,1,regresion,lineal + duración² (2026-09-27),83.3,"[77.5, 89.0]",65.0,,,True,popularidad esperada 83.3 (±5.75) supera el corte 65
8,0.805,0.887,0.301,0.135,102.3,3.38,-7.5,2025,1,rock,779808,80.0,1,regresion,lineal + duración² (2026-09-27),82.1,"[76.3, 87.8]",65.0,,,True,popularidad esperada 82.1 (±5.75) supera el corte 65
9,0.678,0.875,0.718,0.038,116.3,3.21,-9.3,2020,0,pop,804051,82.1,1,regresion,lineal + duración² (2026-09-27),81.9,"[76.2, 87.7]",65.0,,,True,popularidad esperada 81.9 (±5.75) supera el corte 65
10,0.892,0.797,0.614,0.253,172.2,3.75,-2.8,2024,0,rock,806005,83.2,1,regresion,lineal + duración² (2026-09-27),80.6,"[74.9, 86.4]",65.0,,,True,popularidad esperada 80.6 (±5.75) supera el corte 65
11,0.562,0.968,0.747,0.253,118.8,4.07,-7.4,2021,0,urbano,822153,85.5,1,regresion,lineal + duración² (2026-09-27),80.6,"[74.8, 86.3]",65.0,,,True,popularidad esperada 80.6 (±5.75) supera el corte 65
12,0.894,0.676,0.609,0.102,128.1,2.51,-4.9,2021,0,electronica,699207,77.3,1,regresion,lineal + duración² (2026-09-27),80.0,"[74.3, 85.8]",65.0,,,True,popularidad esperada 80.0 (±5.75) supera el corte 65
13,0.868,0.754,0.683,0.357,158.3,3.01,-6.4,2025,0,electronica,893856,89.3,1,regresion,lineal + duración² (2026-09-27),79.7,"[74.0, 85.5]",65.0,,,True,popularidad esperada 79.7 (±5.75) supera el corte 65
14,0.65,0.825,0.488,0.113,165.1,2.93,-7.8,2024,0,urbano,1040679,96.5,1,regresion,lineal + duración² (2026-09-27),79.6,"[73.8, 85.3]",65.0,,,True,popularidad esperada 79.6 (±5.75) supera el corte 65
15,0.768,0.926,0.163,0.337,125.8,3.24,-7.9,2022,0,urbano,907306,88.7,1,regresion,lineal + duración² (2026-09-27),79.2,"[73.5, 85.0]",65.0,,,True,popularidad esperada 79.2 (±5.75) supera el corte 65
16,0.892,0.484,0.22,0.241,140.8,4.05,-4.8,2020,1,urbano,783427,83.6,1,regresion,lineal + duración² (2026-09-27),78.9,"[73.1, 84.6]",65.0,,,True,popularidad esperada 78.9 (±5.75) supera el corte 65
17,0.907,0.639,0.742,0.284,138.2,3.92,-9.4,2021,0,pop,719882,76.9,1,regresion,lineal + duración² (2026-09-27),78.9,"[73.2, 84.7]",65.0,,,True,popularidad esperada 78.9 (±5.75) supera el corte 65
18,0.756,0.704,0.366,0.132,84.6,3.54,-11.3,2021,1,pop,686802,76.4,1,regresion,lineal + duración² (2026-09-27),78.9,"[73.2, 84.7]",65.0,,,True,popularidad esperada 78.9 (±5.75) supera el corte 65
19,0.533,0.632,0.638,0.226,134.8,3.77,-2.8,2023,1,urbano,673450,77.0,1,regresion,lineal + duración² (2026-09-27),78.7,"[72.9, 84.4]",65.0,,,True,popularidad esperada 78.7 (±5.75) supera el corte 65
20,0.798,0.915,0.18,0.412,142.1,2.94,-4.0,2025,0,pop,773820,83.1,1,regresion,lineal + duración² (2026-09-27),78.7,"[73.0, 84.5]",65.0,,,True,popularidad esperada 78.7 (±5.75) supera el corte 65
21,0.69,0.574,0.831,0.053,90.4,1.85,-9.5,2020,1,urbano,883307,87.0,1,regresion,lineal + duración² (2026-09-27),78.6,"[72.8, 84.3]",65.0,,,True,popularidad esperada 78.6 (±5.75) supera el corte 65
22,0.709,0.861,0.421,0.119,172.6,2.8,-4.7,2025,1,indie,852378,85.5,1,regresion,lineal + duración² (2026-09-27),78.5,"[72.8, 84.3]",65.0,,,True,popularidad esperada 78.5 (±5.75) supera el corte 65
23,0.534,0.784,0.355,0.061,90.4,3.43,-5.2,2022,1,pop,596968,70.8,1,regresion,lineal + duración² (2026-09-27),78.3,"[72.5, 84.0]",65.0,,,True,popularidad esperada 78.3 (±5.75) supera el corte 65
24,0.678,0.866,0.42,0.303,102.2,4.14,-5.9,2024,0,urbano,737269,80.2,1,regresion,lineal + duración² (2026-09-27),78.0,"[72.2, 83.7]",65.0,,,True,popularidad esperada 78.0 (±5.75) supera el corte 65
25,0.864,0.843,0.249,0.434,140.3,2.7,-5.2,2022,1,rock,832871,87.3,1,regresion,lineal + duración² (2026-09-27),77.9,"[72.1, 83.6]",65.0,,,True,popularidad esperada 77.9 (±5.75) supera el corte 65
26,0.742,0.728,0.281,0.073,88.4,3.66,-3.6,2024,0,pop,562185,68.0,0,regresion,lineal + duración² (2026-09-27),77.7,"[71.9, 83.4]",65.0,,,True,popularidad esperada 77.7 (±5.75) supera el corte 65
27,0.721,0.77,0.724,0.113,97.7,3.89,-2.2,2024,0,rock,1026675,96.9,1,regresion,lineal + duración² (2026-09-27),77.5,"[71.7, 83.2]",65.0,,,True,popularidad esperada 77.5 (±5.75) supera el corte 65
28,0.538,0.799,0.203,0.109,133.3,3.64,-7.4,2020,1,urbano,529984,68.1,0,regresion,lineal + duración² (2026-09-27),77.2,"[71.5, 83.0]",65.0,,,True,popularidad esperada 77.2 (±5.75) supera el corte 65
29,0.601,0.669,0.748,0.198,136.2,4.07,-8.8,2024,1,pop,650790,75.0,1,regresion,lineal + duración² (2026-09-27),77.1,"[71.4, 82.9]",65.0,,,True,popularidad esperada 77.1 (±5.75) supera el corte 65
30,0.722,0.8,0.513,0.22,99.0,2.67,-7.0,2022,0,pop,506143,66.2,0,regresion,lineal + duración² (2026-09-27),76.9,"[71.2, 82.7]",65.0,,,True,popularidad esperada 76.9 (±5.75) supera el corte 65
31,0.58,0.961,0.456,0.051,129.3,4.06,-8.6,2020,0,pop,591113,71.9,1,regresion,lineal + duración² (2026-09-27),76.9,"[71.1, 82.6]",65.0,,,True,popularidad esperada 76.9 (±5.75) supera el corte 65
32,0.526,0.811,0.647,0.31,87.7,3.67,-9.1,2025,1,pop,824582,83.4,1,regresion,lineal + duración² (2026-09-27),76.8,"[71.1, 82.6]",65.0,,,True,popularidad esperada 76.8 (±5.75) supera el corte 65
33,0.558,0.814,0.976,0.05,148.4,3.08,-9.6,2022,0,electronica,857148,86.3,1,regresion,lineal + duración² (2026-09-27),76.8,"[71.0, 82.5]",65.0,,,True,popularidad esperada 76.8 (±5.75) supera el corte 65
34,0.363,0.815,0.795,0.006,96.9,3.9,-5.5,2025,1,electronica,675008,76.1,1,regresion,lineal + duración² (2026-09-27),76.7,"[71.0, 82.5]",65.0,,,True,popularidad esperada 76.7 (±5.75) supera el corte 65
35,0.893,0.354,0.857,0.135,138.4,4.32,-7.4,2024,0,urbano,859611,87.0,1,regresion,lineal + duración² (2026-09-27),76.6,"[70.9, 82.4]",65.0,,,True,popularidad esperada 76.6 (±5.75) supera el corte 65
36,0.47,0.859,0.464,0.068,140.3,3.79,-10.9,2025,1,pop,683116,76.1,1,regresion,lineal + duración² (2026-09-27),76.4,"[70.6, 82.1]",65.0,,,True,popularidad esperada 76.4 (±5.75) supera el corte 65
37,0.888,0.782,0.411,0.514,100.9,2.86,-12.3,2020,0,urbano,640875,73.9,1,regresion,lineal + duración² (2026-09-27),76.4,"[70.6, 82.1]",65.0,,,True,popularidad esperada 76.4 (±5.75) supera el corte 65
38,0.771,0.896,0.245,0.091,126.4,1.59,-3.2,2022,0,pop,913681,88.0,1,regresion,lineal + duración² (2026-09-27),76.2,"[70.5, 82.0]",65.0,,,True,popularidad esperada 76.2 (±5.75) supera el corte 65
39,0.797,0.694,0.416,0.236,125.9,4.04,-4.2,2022,0,pop,763741,79.9,1,regresion,lineal + duración² (2026-09-27),76.2,"[70.5, 82.0]",65.0,,,True,popularidad esperada 76.2 (±5.75) supera el corte 65
40,0.756,0.772,0.647,0.388,81.3,2.1,-9.1,2025,0,urbano,881288,87.7,1,regresion,lineal + duración² (2026-09-27),76.1,"[70.3, 81.8]",65.0,,,True,popularidad esperada 76.1 (±5.75) supera el corte 65
41,0.804,0.644,0.402,0.466,148.5,2.73,-8.5,2024,1,pop,752693,79.7,1,regresion,lineal + duración² (2026-09-27),75.9,"[70.1, 81.6]",65.0,,,True,popularidad esperada 75.9 (±5.75) supera el corte 65
42,0.442,0.776,0.497,0.115,102.9,3.83,-8.7,2021,1,urbano,721330,77.7,1,regresion,lineal + duración² (2026-09-27),75.9,"[70.2, 81.7]",65.0,,,True,popularidad esperada 75.9 (±5.75) supera el corte 65
43,0.751,0.577,0.573,0.174,82.0,2.96,-8.7,2025,0,urbano,727939,76.3,1,regresion,lineal + duración² (2026-09-27),75.8,"[70.0, 81.5]",65.0,,,True,popularidad esperada 75.8 (±5.75) supera el corte 65
44,0.662,0.703,0.599,0.119,135.4,4.63,-4.2,2022,0,urbano,504282,65.7,0,regresion,lineal + duración² (2026-09-27),75.8,"[70.0, 81.5]",65.0,,,True,popularidad esperada 75.8 (±5.75) supera el corte 65
45,0.762,0.802,0.627,0.851,155.8,3.19,-5.3,2025,0,urbano,524214,66.8,0,regresion,lineal + duración² (2026-09-27),75.6,"[69.9, 81.4]",65.0,,,True,popularidad esperada 75.6 (±5.75) supera el corte 65
46,0.912,0.387,0.151,0.149,130.4,4.03,-8.2,2021,1,urbano,687997,76.1,1,regresion,lineal + duración² (2026-09-27),75.6,"[69.8, 81.3]",65.0,,,True,popularidad esperada 75.6 (±5.75) supera el corte 65
47,0.692,0.715,0.235,0.273,130.1,2.86,-7.3,2020,1,pop,562420,73.1,1,regresion,lineal + duración² (2026-09-27),75.2,"[69.5, 81.0]",65.0,,,True,popularidad esperada 75.2 (±5.75) supera el corte 65
48,0.907,0.417,0.828,0.36,142.2,2.96,-2.5,2025,0,electronica,544472,67.4,0,regresion,lineal + duración² (2026-09-27),75.2,"[69.5, 81.0]",65.0,,,True,popularidad esperada 75.2 (±5.75) supera el corte 65
49,0.569,0.856,0.217,0.222,145.7,2.26,-10.6,2022,1,urbano,923461,88.4,1,regresion,lineal + duración² (2026-09-27),74.8,"[69.0, 80.5]",65.0,,,True,popularidad esperada 74.8 (±5.75) supera el corte 65
50,0.454,0.918,0.516,0.519,154.0,4.62,-3.1,2022,1,urbano,647287,75.5,1,regresion,lineal + duración² (2026-09-27),74.8,"[69.1, 80.6]",65.0,,,True,popularidad esperada 74.8 (±5.75) supera el corte 65
51,0.844,0.82,0.522,0.649,142.3,3.46,-15.0,2022,0,urbano,822446,83.1,1,regresion,lineal + duración² (2026-09-27),74.6,"[68.9, 80.4]",65.0,,,True,popularidad esperada 74.6 (±5.75) supera el corte 65
52,0.684,0.6,0.485,0.11,119.9,2.54,-5.8,2025,0,urbano,823806,85.3,1,regresion,lineal + duración² (2026-09-27),74.6,"[68.8, 80.3]",65.0,,,True,popularidad esperada 74.6 (±5.75) supera el corte 65
53,0.926,0.511,0.583,0.349,99.9,4.11,-6.7,2024,0,pop,690668,77.1,1,regresion,lineal + duración² (2026-09-27),74.5,"[68.7, 80.2]",65.0,,,True,popularidad esperada 74.5 (±5.75) supera el corte 65
54,0.539,0.796,0.468,0.198,96.8,3.61,-8.4,2025,1,electronica,942853,87.8,1,regresion,lineal + duración² (2026-09-27),74.4,"[68.6, 80.1]",65.0,,,True,popularidad esperada 74.4 (±5.75) supera el corte 65
55,0.818,0.493,0.497,0.131,106.2,2.95,-4.3,2021,0,pop,855133,85.9,1,regresion,lineal + duración² (2026-09-27),74.4,"[68.6, 80.1]",65.0,,,True,popularidad esperada 74.4 (±5.75) supera el corte 65
56,0.833,0.767,0.637,0.016,118.9,2.71,-11.2,2023,0,indie,555227,65.9,0,regresion,lineal + duración² (2026-09-27),74.0,"[68.3, 79.8]",65.0,,,True,popularidad esperada 74.0 (±5.75) supera el corte 65
57,0.934,0.665,0.844,0.343,132.9,5.44,-10.2,2022,0,urbano,816186,84.8,1,regresion,lineal + duración² (2026-09-27),73.9,"[68.2, 79.7]",65.0,,,True,popularidad esperada 73.9 (±5.75) supera el corte 65
58,0.814,0.458,0.602,0.311,143.0,4.06,-4.8,2024,0,urbano,498752,64.9,0,regresion,lineal + duración² (2026-09-27),73.8,"[68.1, 79.6]",65.0,,,True,popularidad esperada 73.8 (±5.75) supera el corte 65
59,0.674,0.589,0.693,0.119,129.3,2.85,-6.3,2022,0,pop,829478,84.7,1,regresion,lineal + duración² (2026-09-27),73.7,"[68.0, 79.5]",65.0,,,True,popularidad esperada 73.7 (±5.75) supera el corte 65
60,0.763,0.499,0.547,0.499,104.9,3.64,-10.3,2022,1,urbano,517547,64.0,0,regresion,lineal + duración² (2026-09-27),73.5,"[67.8, 79.3]",65.0,,,True,popularidad esperada 73.5 (±5.75) supera el corte 65
61,0.348,0.926,0.842,0.109,141.7,2.54,-12.2,2025,0,urbano,664237,73.7,1,regresion,lineal + duración² (2026-09-27),73.4,"[67.6, 79.1]",65.0,,,True,popularidad esperada 73.4 (±5.75) supera el corte 65
62,0.7,0.403,0.821,0.445,130.6,4.21,-7.3,2024,1,urbano,836300,85.3,1,regresion,lineal + duración² (2026-09-27),73.2,"[67.4, 78.9]",65.0,,,True,popularidad esperada 73.2 (±5.75) supera el corte 65
63,0.659,0.388,0.541,0.269,140.9,3.06,-5.6,2024,1,urbano,667182,76.2,1,regresion,lineal + duración² (2026-09-27),73.1,"[67.4, 78.9]",65.0,,,True,popularidad esperada 73.1 (±5.75) supera el corte 65
64,0.668,0.603,0.815,0.273,112.7,2.69,-1.8,2021,0,electronica,552637,68.6,0,regresion,lineal + duración² (2026-09-27),72.7,"[67.0, 78.5]",65.0,,,True,popularidad esperada 72.7 (±5.75) supera el corte 65
65,0.638,0.718,0.238,0.18,153.6,2.86,-2.5,2025,0,pop,669341,74.2,1,regresion,lineal + duración² (2026-09-27),72.4,"[66.7, 78.2]",65.0,,,True,popularidad esperada 72.4 (±5.75) supera el corte 65
66,0.652,0.569,0.849,0.253,133.7,2.97,-11.6,2020,0,urbano,805836,82.5,1,regresion,lineal + duración² (2026-09-27),72.0,"[66.3, 77.8]",65.0,,,True,popularidad esperada 72.0 (±5.75) supera el corte 65
67,0.712,0.561,0.667,0.276,112.9,2.05,-7.1,2024,1,electronica,708157,77.0,1,regresion,lineal + duración² (2026-09-27),71.9,"[66.2, 77.7]",65.0,,,True,popularidad esperada 71.9 (±5.75) supera el corte 65
68,0.402,0.731,0.7,0.236,116.6,3.82,-3.7,2025,0,urbano,615604,71.5,1,regresion,lineal + duración² (2026-09-27),71.6,"[65.8, 77.3]",65.0,,,True,popularidad esperada 71.6 (±5.75) supera el corte 65
69,0.526,0.829,0.722,0.304,133.2,2.52,-7.6,2021,0,pop,597758,72.7,1,regresion,lineal + duración² (2026-09-27),71.5,"[65.8, 77.3]",65.0,,,True,popularidad esperada 71.5 (±5.75) supera el corte 65
70,0.779,0.755,0.084,0.359,105.2,2.84,-5.4,2020,1,rock,631815,71.0,1,regresion,lineal + duración² (2026-09-27),71.5,"[65.7, 77.2]",65.0,,,True,popularidad esperada 71.5 (±5.75) supera el corte 65
71,0.906,0.471,0.122,0.637,126.5,3.45,-8.7,2022,1,urbano,677804,74.6,1,regresion,lineal + duración² (2026-09-27),71.5,"[65.7, 77.2]",65.0,,,True,popularidad esperada 71.5 (±5.75) supera el corte 65
72,0.778,0.802,0.658,0.439,118.0,3.48,-9.9,2025,0,rock,650387,73.7,1,regresion,lineal + duración² (2026-09-27),71.5,"[65.7, 77.2]",65.0,,,True,popularidad esperada 71.5 (±5.75) supera el corte 65
73,0.879,0.501,0.509,0.533,112.8,3.65,-9.1,2023,0,urbano,483282,64.0,0,regresion,lineal + duración² (2026-09-27),71.4,"[65.7, 77.2]",65.0,,,True,popularidad esperada 71.4 (±5.75) supera el corte 65
74,0.84,0.331,0.569,0.529,99.5,3.35,-10.2,2021,1,urbano,565609,70.4,1,regresion,lineal + duración² (2026-09-27),71.3,"[65.5, 77.0]",65.0,,,True,popularidad esperada 71.3 (±5.75) supera el corte 65
75,0.391,0.638,0.655,0.004,110.1,3.69,-3.2,2021,0,urbano,535823,67.5,0,regresion,lineal + duración² (2026-09-27),71.2,"[65.4, 76.9]",65.0,,,True,popularidad esperada 71.2 (±5.75) supera el corte 65
76,0.632,0.377,0.433,0.03,109.0,3.74,-9.7,2022,1,urbano,570180,69.1,0,regresion,lineal + duración² (2026-09-27),71.1,"[65.4, 76.9]",65.0,,,True,popularidad esperada 71.1 (±5.75) supera el corte 65
77,0.724,0.777,0.065,0.096,96.4,3.96,-5.9,2023,0,electronica,741859,80.2,1,regresion,lineal + duración² (2026-09-27),71.0,"[65.3, 76.8]",65.0,,,True,popularidad esperada 71.0 (±5.75) supera el corte 65
78,0.594,0.756,0.209,0.513,168.8,3.77,-4.9,2022,1,pop,659791,73.3,1,regresion,lineal + duración² (2026-09-27),71.0,"[65.2, 76.7]",65.0,,,True,popularidad esperada 71.0 (±5.75) supera el corte 65
79,0.263,0.946,0.435,0.21,148.9,3.17,-8.0,2020,1,pop,452276,61.6,0,regresion,lineal + duración² (2026-09-27),70.8,"[65.0, 76.5]",65.0,,,True,popularidad esperada 70.8 (±5.75) supera el corte 65
80,0.827,0.454,0.532,0.417,87.1,3.74,-7.6,2021,0,urbano,635701,72.6,1,regresion,lineal + duración² (2026-09-27),70.6,"[64.9, 76.4]",65.0,,,True,popularidad esperada 70.6 (±5.75) supera el corte 65
81,0.812,0.665,0.539,0.547,104.3,4.61,-9.2,2024,0,urbano,440696,60.8,0,regresion,lineal + duración² (2026-09-27),70.6,"[64.8, 76.3]",65.0,,,True,popularidad esperada 70.6 (±5.75) supera el corte 65
82,0.516,0.898,0.421,0.499,139.0,2.76,-12.5,2021,1,pop,505764,67.4,0,regresion,lineal + duración² (2026-09-27),70.6,"[64.9, 76.4]",65.0,,,True,popularidad esperada 70.6 (±5.75) supera el corte 65
83,0.553,0.868,0.101,0.203,146.2,3.38,-10.5,2025,0,urbano,421336,58.9,0,regresion,lineal + duración² (2026-09-27),70.6,"[64.8, 76.3]",65.0,,,True,popularidad esperada 70.6 (±5.75) supera el corte 65
84,0.583,0.624,0.697,0.031,125.8,3.02,-11.5,2022,1,rock,503731,66.5,0,regresion,lineal + duración² (2026-09-27),70.5,"[64.8, 76.3]",65.0,,,True,popularidad esperada 70.5 (±5.75) supera el corte 65
85,0.483,0.619,0.594,0.097,76.9,3.29,-8.0,2021,1,electronica,558157,70.8,1,regresion,lineal + duración² (2026-09-27),70.2,"[64.4, 75.9]",65.0,,,True,popularidad esperada 70.2 (±5.75) supera el corte 65
86,0.782,0.588,0.051,0.427,122.3,2.93,-9.0,2025,1,pop,487685,64.2,0,regresion,lineal + duración² (2026-09-27),70.2,"[64.5, 76.0]",65.0,,,True,popularidad esperada 70.2 (±5.75) supera el corte 65
87,0.56,0.567,0.541,0.026,60.0,3.14,-5.5,2025,0,pop,757002,81.1,1,regresion,lineal + duración² (2026-09-27),70.1,"[64.4, 75.9]",65.0,,,True,popularidad esperada 70.1 (±5.75) supera el corte 65
88,0.667,0.657,0.119,0.295,155.1,3.83,-14.4,2022,1,urbano,402105,56.8,0,regresion,lineal + duración² (2026-09-27),69.9,"[64.2, 75.7]",65.0,,,True,popularidad esperada 69.9 (±5.75) supera el corte 65
89,0.708,0.541,0.489,0.286,126.0,3.74,-15.3,2023,1,pop,790271,81.7,1,regresion,lineal + duración² (2026-09-27),69.8,"[64.0, 75.5]",65.0,,,True,popularidad esperada 69.8 (±5.75) supera el corte 65
90,0.695,0.267,0.541,0.122,142.4,3.0,-6.6,2025,1,pop,525855,69.1,0,regresion,lineal + duración² (2026-09-27),69.8,"[64.1, 75.6]",65.0,,,True,popularidad esperada 69.8 (±5.75) supera el corte 65
91,0.548,0.86,0.143,0.23,103.8,3.95,-4.1,2020,1,rock,449561,61.8,0,regresion,lineal + duración² (2026-09-27),69.6,"[63.8, 75.3]",65.0,,,True,popularidad esperada 69.6 (±5.75) supera el corte 65
92,0.737,0.494,0.722,0.525,133.5,3.6,-10.0,2022,1,electronica,731035,80.7,1,regresion,lineal + duración² (2026-09-27),69.4,"[63.7, 75.2]",65.0,,,True,popularidad esperada 69.4 (±5.75) supera el corte 65
93,0.76,0.409,0.689,0.275,79.3,2.06,-4.9,2020,0,urbano,654767,74.3,1,regresion,lineal + duración² (2026-09-27),69.3,"[63.5, 75.0]",65.0,,,True,popularidad esperada 69.3 (±5.75) supera el corte 65
94,0.707,0.545,0.618,0.187,126.3,2.92,-7.7,2024,0,electronica,623019,71.2,1,regresion,lineal + duración² (2026-09-27),69.0,"[63.2, 74.7]",65.0,,,True,popularidad esperada 69.0 (±5.75) supera el corte 65
95,0.587,0.398,0.583,0.083,110.6,2.36,-6.4,2023,1,pop,417740,59.2,0,regresion,lineal + duración² (2026-09-27),69.0,"[63.2, 74.7]",65.0,,,True,popularidad esperada 69.0 (±5.75) supera el corte 65
96,0.771,0.622,0.059,0.183,131.8,3.47,-8.4,2024,0,pop,660107,76.4,1,regresion,lineal + duración² (2026-09-27),68.9,"[63.2, 74.7]",65.0,,,True,popularidad esperada 68.9 (±5.75) supera el corte 65
97,0.764,0.814,0.841,0.638,133.4,2.59,-6.7,2023,0,indie,410585,59.6,0,regresion,lineal + duración² (2026-09-27),68.8,"[63.0, 74.5]",65.0,,,True,popularidad esperada 68.8 (±5.75) supera el corte 65
98,0.72,0.744,0.719,0.176,135.1,3.87,-10.2,2022,0,indie,730042,79.7,1,regresion,lineal + duración² (2026-09-27),68.8,"[63.0, 74.5]",65.0,,,True,popularidad esperada 68.8 (±5.75) supera el corte 65
99,0.67,0.81,0.67,0.137,130.3,2.15,-6.9,2024,0,indie,448590,61.5,0,regresion,lineal + duración² (2026-09-27),68.8,"[63.0, 74.5]",65.0,,,True,popularidad esperada 68.8 (±5.75) supera el corte 65
100,0.33,0.724,0.438,0.266,60.0,4.11,-6.2,2023,1,urbano,535358,67.7,0,regresion,lineal + duración² (2026-09-27),68.7,"[62.9, 74.4]",65.0,,,True,popularidad esperada 68.7 (±5.75) supera el corte 65
101,0.192,0.847,0.528,0.37,100.6,3.04,-5.3,2021,1,urbano,491870,64.5,0,regresion,lineal + duración² (2026-09-27),68.6,"[62.9, 74.4]",65.0,,,True,popularidad esperada 68.6 (±5.75) supera el corte 65
102,0.788,0.529,0.199,0.203,97.3,3.57,-6.4,2020,0,pop,518176,65.5,0,regresion,lineal + duración² (2026-09-27),68.6,"[62.8, 74.3]",65.0,,,True,popularidad esperada 68.6 (±5.75) supera el corte 65
103,0.719,0.596,0.538,0.15,117.3,4.75,-12.2,2023,0,urbano,576794,71.6,1,regresion,lineal + duración² (2026-09-27),68.5,"[62.7, 74.2]",65.0,,,True,popularidad esperada 68.5 (±5.75) supera el corte 65
104,0.9,0.313,0.774,0.307,109.6,5.08,-6.0,2024,0,urbano,486072,64.3,0,regresion,lineal + duración² (2026-09-27),68.3,"[62.5, 74.0]",65.0,,,True,popularidad esperada 68.3 (±5.75) supera el corte 65
105,0.79,0.621,0.406,0.14,106.4,3.08,-8.5,2022,0,rock,502036,67.3,0,regresion,lineal + duración² (2026-09-27),68.2,"[62.4, 73.9]",65.0,,,True,popularidad esperada 68.2 (±5.75) supera el corte 65
106,0.562,0.483,0.739,0.031,121.8,3.42,-4.2,2021,1,indie,662581,75.2,1,regresion,lineal + duración² (2026-09-27),68.1,"[62.3, 73.8]",65.0,,,True,popularidad esperada 68.1 (±5.75) supera el corte 65
107,0.495,0.909,0.461,0.384,100.3,4.71,-7.9,2022,0,urbano,635364,74.8,1,regresion,lineal + duración² (2026-09-27),68.1,"[62.3, 73.8]",65.0,,,True,popularidad esperada 68.1 (±5.75) supera el corte 65
108,0.555,0.852,0.619,0.08,144.9,3.35,-9.2,2023,0,indie,429379,59.8,0,regresion,lineal + duración² (2026-09-27),67.9,"[62.2, 73.7]",65.0,,,True,popularidad esperada 67.9 (±5.75) supera el corte 65
109,0.672,0.51,0.151,0.138,111.6,3.72,-10.5,2020,1,pop,495946,64.3,0,regresion,lineal + duración² (2026-09-27),67.9,"[62.2, 73.7]",65.0,,,True,popularidad esperada 67.9 (±5.75) supera el corte 65
110,0.638,0.689,0.691,0.531,142.7,3.13,-10.8,2025,0,pop,446996,60.7,0,regresion,lineal + duración² (2026-09-27),67.9,"[62.1, 73.6]",65.0,,,True,popularidad esperada 67.9 (±5.75) supera el corte 65
111,0.724,0.793,0.458,0.243,90.4,4.25,-9.0,2021,0,rock,504025,65.7,0,regresion,lineal + duración² (2026-09-27),67.7,"[61.9, 73.4]",65.0,,,True,popularidad esperada 67.7 (±5.75) supera el corte 65
112,0.432,0.81,0.911,0.131,118.9,3.05,-8.8,2022,0,rock,508656,66.0,0,regresion,lineal + duración² (2026-09-27),67.6,"[61.8, 73.3]",65.0,,,True,popularidad esperada 67.6 (±5.75) supera el corte 65
113,0.363,0.768,0.407,0.046,119.3,3.41,-9.9,2025,0,urbano,734907,78.0,1,regresion,lineal + duración² (2026-09-27),67.6,"[61.9, 73.4]",65.0,,,True,popularidad esperada 67.6 (±5.75) supera el corte 65
114,0.653,0.45,0.73,0.135,94.9,3.86,-8.8,2021,0,pop,615944,73.7,1,regresion,lineal + duración² (2026-09-27),67.5,"[61.8, 73.3]",65.0,,,True,popularidad esperada 67.5 (±5.75) supera el corte 65
115,0.453,0.906,0.897,0.274,106.1,2.87,-6.8,2023,0,indie,410904,59.3,0,regresion,lineal + duración² (2026-09-27),67.5,"[61.8, 73.3]",65.0,,,True,popularidad esperada 67.5 (±5.75) supera el corte 65
116,0.86,0.462,0.178,0.04,117.2,2.2,-9.1,2023,0,pop,637721,72.1,1,regresion,lineal + duración² (2026-09-27),67.5,"[61.8, 73.3]",65.0,,,True,popularidad esperada 67.5 (±5.75) supera el corte 65
117,0.417,0.602,0.478,0.037,87.1,2.26,-2.6,2025,0,urbano,567955,70.3,1,regresion,lineal + duración² (2026-09-27),67.3,"[61.5, 73.0]",65.0,,,True,popularidad esperada 67.3 (±5.75) supera el corte 65
118,0.745,0.731,0.429,0.203,118.9,4.54,-12.1,2022,0,electronica,540454,67.5,0,regresion,lineal + duración² (2026-09-27),67.2,"[61.5, 73.0]",65.0,,,True,popularidad esperada 67.2 (±5.75) supera el corte 65
119,0.536,0.479,0.744,0.261,101.2,4.21,-10.2,2023,1,pop,694407,75.9,1,regresion,lineal + duración² (2026-09-27),67.1,"[61.4, 72.9]",65.0,,,True,popularidad esperada 67.1 (±5.75) supera el corte 65
120,0.702,0.933,0.209,0.069,104.6,4.48,-14.2,2025,0,rock,645870,74.7,1,regresion,lineal + duración² (2026-09-27),67.1,"[61.4, 72.9]",65.0,,,True,popularidad esperada 67.1 (±5.75) supera el corte 65
121,0.859,0.339,0.397,0.186,136.2,4.01,-2.8,2021,0,electronica,607895,73.2,1,regresion,lineal + duración² (2026-09-27),67.0,"[61.2, 72.7]",65.0,,,True,popularidad esperada 67.0 (±5.75) supera el corte 65
122,0.861,0.544,0.66,0.425,76.8,3.64,-9.1,2022,0,rock,293170,49.4,0,regresion,lineal + duración² (2026-09-27),66.9,"[61.1, 72.6]",65.0,,,True,popularidad esperada 66.9 (±5.75) supera el corte 65
123,0.834,0.567,0.399,0.624,128.2,3.11,-4.9,2023,0,electronica,532360,67.7,0,regresion,lineal + duración² (2026-09-27),66.6,"[60.9, 72.4]",65.0,,,True,popularidad esperada 66.6 (±5.75) supera el corte 65
124,0.354,0.808,0.552,0.071,76.6,4.05,-7.4,2020,0,pop,705782,77.1,1,regresion,lineal + duración² (2026-09-27),66.5,"[60.8, 72.3]",65.0,,,True,popularidad esperada 66.5 (±5.75) supera el corte 65
125,0.382,0.737,0.581,0.339,122.3,3.83,-7.8,2023,1,electronica,460232,62.6,0,regresion,lineal + duración² (2026-09-27),66.4,"[60.6, 72.1]",65.0,,,True,popularidad esperada 66.4 (±5.75) supera el corte 65
126,0.514,0.756,0.311,0.326,116.8,2.3,-2.3,2023,1,rock,504883,65.7,0,regresion,lineal + duración² (2026-09-27),66.3,"[60.5, 72.0]",65.0,,,True,popularidad esperada 66.3 (±5.75) supera el corte 65
127,0.425,0.865,0.438,0.254,148.1,3.12,-11.6,2025,0,pop,476929,64.2,0,regresion,lineal + duración² (2026-09-27),66.2,"[60.5, 72.0]",65.0,,,True,popularidad esperada 66.2 (±5.75) supera el corte 65
128,0.789,0.085,0.623,0.037,90.1,2.93,-6.2,2021,0,urbano,396042,57.9,0,regresion,lineal + duración² (2026-09-27),66.2,"[60.5, 72.0]",65.0,,,True,popularidad esperada 66.2 (±5.75) supera el corte 65
129,0.199,0.761,0.656,0.285,136.0,3.95,-4.7,2021,1,pop,748225,80.7,1,regresion,lineal + duración² (2026-09-27),66.1,"[60.3, 71.8]",65.0,,,True,popularidad esperada 66.1 (±5.75) supera el corte 65
130,0.475,0.841,0.858,0.17,144.5,3.84,-9.4,2025,0,indie,438395,60.9,0,regresion,lineal + duración² (2026-09-27),66.1,"[60.4, 71.9]",65.0,,,True,popularidad esperada 66.1 (±5.75) supera el corte 65
131,0.185,0.81,0.337,0.077,168.2,2.8,-5.3,2020,1,pop,518026,66.4,0,regresion,lineal + duración² (2026-09-27),66.0,"[60.2, 71.7]",65.0,,,True,popularidad esperada 66.0 (±5.75) supera el corte 65
132,0.866,0.401,0.148,0.231,112.1,3.86,-3.0,2023,0,electronica,421367,59.0,0,regresion,lineal + duración² (2026-09-27),66.0,"[60.2, 71.7]",65.0,,,True,popularidad esperada 66.0 (±5.75) supera el corte 65
133,0.825,0.769,0.648,0.654,165.7,4.26,-6.5,2022,0,indie,378899,55.9,0,regresion,lineal + duración² (2026-09-27),66.0,"[60.3, 71.8]",65.0,,,True,popularidad esperada 66.0 (±5.75) supera el corte 65
134,0.332,0.937,0.639,0.11,134.2,2.86,-7.3,2025,0,rock,554578,67.6,0,regresion,lineal + duración² (2026-09-27),65.9,"[60.1, 71.6]",65.0,,,True,popularidad esperada 65.9 (±5.75) supera el corte 65
135,0.602,0.709,0.615,0.667,160.1,3.85,-7.2,2024,1,rock,677017,79.6,1,regresion,lineal + duración² (2026-09-27),65.8,"[60.0, 71.5]",65.0,,,True,popularidad esperada 65.8 (±5.75) supera el corte 65
136,0.132,0.68,0.86,0.195,147.8,3.56,-11.1,2025,1,urbano,608364,70.0,1,regresion,lineal + duración² (2026-09-27),65.8,"[60.1, 71.6]",65.0,,,True,popularidad esperada 65.8 (±5.75) supera el corte 65
137,0.7,0.693,0.551,0.473,112.2,4.21,-8.5,2022,0,electronica,651722,72.5,1,regresion,lineal + duración² (2026-09-27),65.8,"[60.1, 71.6]",65.0,,,True,popularidad esperada 65.8 (±5.75) supera el corte 65
138,0.681,0.801,0.181,0.619,113.8,4.32,-4.6,2021,1,rock,333106,52.2,0,regresion,lineal + duración² (2026-09-27),65.8,"[60.0, 71.5]",65.0,,,True,popularidad esperada 65.8 (±5.75) supera el corte 65
139,0.923,0.444,0.583,0.173,86.5,3.76,-9.5,2020,0,indie,393779,59.8,0,regresion,lineal + duración² (2026-09-27),65.7,"[60.0, 71.5]",65.0,,,True,popularidad esperada 65.7 (±5.75) supera el corte 65
140,0.651,0.499,0.752,0.405,99.2,2.73,-12.7,2020,0,urbano,552379,69.3,0,regresion,lineal + duración² (2026-09-27),65.5,"[59.8, 71.3]",65.0,,,True,popularidad esperada 65.5 (±5.75) supera el corte 65
141,0.52,0.868,0.401,0.183,88.5,2.24,-14.0,2020,0,pop,436640,61.4,0,regresion,lineal + duración² (2026-09-27),65.4,"[59.7, 71.2]",65.0,,,True,popularidad esperada 65.4 (±5.75) supera el corte 65
142,0.568,0.746,0.116,0.059,123.2,2.44,-9.7,2022,0,pop,335107,51.0,0,regresion,lineal + duración² (2026-09-27),65.4,"[59.7, 71.2]",65.0,,,True,popularidad esperada 65.4 (±5.75) supera el corte 65
143,0.405,0.605,0.918,0.223,101.6,3.69,-8.6,2022,0,pop,534352,69.5,0,regresion,lineal + duración² (2026-09-27),65.3,"[59.5, 71.0]",65.0,,,True,popularidad esperada 65.3 (±5.75) supera el corte 65
144,0.75,0.533,0.51,0.609,113.1,4.04,-10.8,2024,0,urbano,454456,62.0,0,regresion,lineal + duración² (2026-09-27),65.2,"[59.5, 71.0]",65.0,,,True,popularidad esperada 65.2 (±5.75) supera el corte 65
145,0.936,0.284,0.477,0.291,102.8,2.27,-4.8,2022,0,electronica,422815,59.4,0,regresion,lineal + duración² (2026-09-27),65.2,"[59.5, 71.0]",65.0,,,True,popularidad esperada 65.2 (±5.75) supera el corte 65
146,0.848,0.341,0.394,0.166,104.2,3.42,-8.9,2024,0,electronica,522361,66.0,0,regresion,lineal + duración² (2026-09-27),65.1,"[59.4, 70.9]",65.0,,,True,popularidad esperada 65.1 (±5.75) supera el corte 65
147,0.564,0.597,0.97,0.658,122.5,2.95,-7.9,2021,0,pop,598994,73.3,1,regresion,lineal + duración² (2026-09-27),65.1,"[59.3, 70.8]",65.0,,,True,popularidad esperada 65.1 (±5.75) supera el corte 65
148,0.562,0.764,0.227,0.213,117.1,3.26,-12.4,2021,1,rock,587931,69.3,0,regresion,lineal + duración² (2026-09-27),65.1,"[59.3, 70.8]",65.0,,,True,popularidad esperada 65.1 (±5.75) supera el corte 65
149,0.642,0.687,0.484,0.783,160.7,4.63,-7.9,2022,1,pop,470791,63.3,0,regresion,lineal + duración² (2026-09-27),65.0,"[59.2, 70.7]",65.0,,,False,popularidad esperada 65.0 (±5.75) no supera el corte 65
150,0.606,0.479,0.293,0.057,133.4,2.93,-10.0,2021,0,urbano,479038,62.6,0,regresion,lineal + duración² (2026-09-27),65.0,"[59.2, 70.7]",65.0,,,False,popularidad esperada 65.0 (±5.75) no supera el corte 65
151,0.799,0.633,0.448,0.276,165.9,3.33,-9.5,2024,0,indie,601946,71.7,1,regresion,lineal + duración² (2026-09-27),65.0,"[59.2, 70.7]",65.0,,,False,popularidad esperada 65.0 (±5.75) no supera el corte 65
152,0.709,0.629,0.562,0.14,80.2,5.21,-10.0,2024,0,pop,438415,60.8,0,regresion,lineal + duración² (2026-09-27),64.8,"[59.0, 70.5]",65.0,,,False,popularidad esperada 64.8 (±5.75) no supera el corte 65
153,0.646,0.357,0.214,0.338,105.8,2.9,-4.9,2025,1,pop,526319,66.3,0,regresion,lineal + duración² (2026-09-27),64.5,"[58.8, 70.3]",65.0,,,False,popularidad esperada 64.5 (±5.75) no supera el corte 65
154,0.507,0.841,0.281,0.284,129.4,3.49,-9.6,2024,0,electronica,551935,70.1,1,regresion,lineal + duración² (2026-09-27),64.5,"[58.7, 70.2]",65.0,,,False,popularidad esperada 64.5 (±5.75) no supera el corte 65
155,0.601,0.569,0.708,0.4,117.3,4.36,-7.0,2022,0,pop,522100,65.9,0,regresion,lineal + duración² (2026-09-27),64.5,"[58.7, 70.2]",65.0,,,False,popularidad esperada 64.5 (±5.75) no supera el corte 65
156,0.53,0.78,0.681,0.375,139.6,3.23,-8.6,2025,0,rock,463899,62.0,0,regresion,lineal + duración² (2026-09-27),64.5,"[58.7, 70.2]",65.0,,,False,popularidad esperada 64.5 (±5.75) no supera el corte 65
157,0.976,0.166,0.429,0.646,128.7,3.88,-6.4,2023,1,electronica,439348,62.0,0,regresion,lineal + duración² (2026-09-27),64.4,"[58.6, 70.1]",65.0,,,False,popularidad esperada 64.4 (±5.75) no supera el corte 65
158,0.306,0.877,0.6,0.454,92.7,2.95,-6.4,2025,0,pop,426092,59.9,0,regresion,lineal + duración² (2026-09-27),64.3,"[58.6, 70.1]",65.0,,,False,popularidad esperada 64.3 (±5.75) no supera el corte 65
159,0.531,0.469,0.818,0.251,114.5,2.83,-7.6,2021,0,pop,579100,69.6,0,regresion,lineal + duración² (2026-09-27),64.2,"[58.5, 70.0]",65.0,,,False,popularidad esperada 64.2 (±5.75) no supera el corte 65
160,0.306,0.714,0.501,0.237,95.8,4.34,-7.3,2021,1,pop,533369,65.6,0,regresion,lineal + duración² (2026-09-27),64.2,"[58.5, 70.0]",65.0,,,False,popularidad esperada 64.2 (±5.75) no supera el corte 65
161,0.642,0.443,0.917,0.337,107.1,2.59,-11.8,2020,0,pop,551403,69.6,0,regresion,lineal + duración² (2026-09-27),64.0,"[58.3, 69.8]",65.0,,,False,popularidad esperada 64.0 (±5.75) no supera el corte 65
162,0.572,0.625,0.341,0.153,110.9,2.98,-11.3,2020,1,rock,447329,60.9,0,regresion,lineal + duración² (2026-09-27),63.9,"[58.1, 69.6]",65.0,,,False,popularidad esperada 63.9 (±5.75) no supera el corte 65
163,0.763,0.521,0.437,0.198,158.9,2.36,-1.4,2023,0,indie,589275,73.3,1,regresion,lineal + duración² (2026-09-27),63.8,"[58.1, 69.6]",65.0,,,False,popularidad esperada 63.8 (±5.75) no supera el corte 65
164,0.374,0.428,0.853,0.234,131.7,3.19,-0.2,2025,0,pop,505230,65.9,0,regresion,lineal + duración² (2026-09-27),63.7,"[57.9, 69.4]",65.0,,,False,popularidad esperada 63.7 (±5.75) no supera el corte 65
165,0.718,0.456,0.301,0.156,136.8,4.01,-9.2,2021,0,pop,578597,70.8,1,regresion,lineal + duración² (2026-09-27),63.7,"[58.0, 69.5]",65.0,,,False,popularidad esperada 63.7 (±5.75) no supera el corte 65
166,0.701,0.377,0.732,0.637,116.1,3.72,-9.3,2022,1,electronica,294835,48.6,0,regresion,lineal + duración² (2026-09-27),63.6,"[57.8, 69.3]",65.0,,,False,popularidad esperada 63.6 (±5.75) no supera el corte 65
167,0.355,0.609,0.579,0.108,129.2,3.11,-4.6,2021,0,pop,511765,64.9,0,regresion,lineal + duración² (2026-09-27),63.5,"[57.8, 69.3]",65.0,,,False,popularidad esperada 63.5 (±5.75) no supera el corte 65
168,0.46,0.538,0.437,0.349,137.5,2.65,-3.5,2022,1,electronica,383372,55.7,0,regresion,lineal + duración² (2026-09-27),63.3,"[57.5, 69.0]",65.0,,,False,popularidad esperada 63.3 (±5.75) no supera el corte 65
169,0.594,0.477,0.534,0.668,104.9,3.26,-2.5,2022,0,urbano,478617,62.7,0,regresion,lineal + duración² (2026-09-27),63.3,"[57.6, 69.1]",65.0,,,False,popularidad esperada 63.3 (±5.75) no supera el corte 65
170,0.564,0.799,0.441,0.124,97.7,4.38,-6.1,2024,0,indie,432829,60.2,0,regresion,lineal + duración² (2026-09-27),63.2,"[57.5, 69.0]",65.0,,,False,popularidad esperada 63.2 (±5.75) no supera el corte 65
171,0.651,0.567,0.311,0.345,123.1,4.35,-9.9,2022,0,urbano,504709,65.4,0,regresion,lineal + duración² (2026-09-27),63.2,"[57.4, 68.9]",65.0,,,False,popularidad esperada 63.2 (±5.75) no supera el corte 65
172,0.526,0.594,0.901,0.253,95.8,4.22,-10.2,2020,0,electronica,408190,59.0,0,regresion,lineal + duración² (2026-09-27),63.2,"[57.5, 69.0]",65.0,,,False,popularidad esperada 63.2 (±5.75) no supera el corte 65
173,0.639,0.575,0.381,0.225,128.0,4.67,-7.1,2025,0,pop,371325,56.0,0,regresion,lineal + duración² (2026-09-27),63.2,"[57.5, 69.0]",65.0,,,False,popularidad esperada 63.2 (±5.75) no supera el corte 65
174,0.771,0.827,0.122,0.632,88.5,4.25,-10.7,2022,0,electronica,473162,63.2,0,regresion,lineal + duración² (2026-09-27),63.2,"[57.4, 68.9]",65.0,,,False,popularidad esperada 63.2 (±5.75) no supera el corte 65
175,0.541,0.664,0.19,0.419,128.2,4.38,-8.9,2020,1,pop,640262,73.5,1,regresion,lineal + duración² (2026-09-27),63.1,"[57.3, 68.8]",65.0,,,False,popularidad esperada 63.1 (±5.75) no supera el corte 65
176,0.678,0.395,0.668,0.307,134.8,2.68,-9.9,2022,1,rock,297811,49.2,0,regresion,lineal + duración² (2026-09-27),63.1,"[57.3, 68.8]",65.0,,,False,popularidad esperada 63.1 (±5.75) no supera el corte 65
177,0.128,0.543,0.651,0.262,158.8,4.1,0.0,2023,1,urbano,449893,61.6,0,regresion,lineal + duración² (2026-09-27),62.8,"[57.1, 68.6]",65.0,,,False,popularidad esperada 62.8 (±5.75) no supera el corte 65
178,0.197,0.836,0.271,0.032,92.6,2.34,-11.1,2023,1,pop,394324,58.7,0,regresion,lineal + duración² (2026-09-27),62.7,"[57.0, 68.5]",65.0,,,False,popularidad esperada 62.7 (±5.75) no supera el corte 65
179,0.703,0.25,0.868,0.426,83.5,3.05,-7.8,2024,1,rock,404362,59.4,0,regresion,lineal + duración² (2026-09-27),62.7,"[57.0, 68.5]",65.0,,,False,popularidad esperada 62.7 (±5.75) no supera el corte 65
180,0.323,0.702,0.474,0.176,119.1,1.97,-2.9,2022,0,urbano,524586,66.8,0,regresion,lineal + duración² (2026-09-27),62.7,"[56.9, 68.4]",65.0,,,False,popularidad esperada 62.7 (±5.75) no supera el corte 65
181,0.582,0.762,0.448,0.235,130.8,5.0,-9.8,2020,0,pop,423367,58.3,0,regresion,lineal + duración² (2026-09-27),62.7,"[57.0, 68.5]",65.0,,,False,popularidad esperada 62.7 (±5.75) no supera el corte 65
182,0.544,0.67,0.109,0.332,111.5,3.4,-10.1,2022,0,urbano,255183,44.6,0,regresion,lineal + duración² (2026-09-27),62.6,"[56.8, 68.3]",65.0,,,False,popularidad esperada 62.6 (±5.75) no supera el corte 65
183,0.542,0.363,0.566,0.281,123.2,2.67,-10.5,2025,1,pop,351469,54.0,0,regresion,lineal + duración² (2026-09-27),62.6,"[56.9, 68.4]",65.0,,,False,popularidad esperada 62.6 (±5.75) no supera el corte 65
184,0.388,0.351,0.763,0.053,93.6,3.45,-6.8,2021,1,electronica,394266,57.1,0,regresion,lineal + duración² (2026-09-27),62.6,"[56.9, 68.4]",65.0,,,False,popularidad esperada 62.6 (±5.75) no supera el corte 65
185,0.564,0.598,0.664,0.248,99.8,2.74,-11.2,2021,0,electronica,394282,58.1,0,regresion,lineal + duración² (2026-09-27),62.6,"[56.8, 68.3]",65.0,,,False,popularidad esperada 62.6 (±5.75) no supera el corte 65
186,0.527,0.517,0.403,0.059,110.4,3.07,-9.2,2020,0,pop,760455,82.3,1,regresion,lineal + duración² (2026-09-27),62.5,"[56.8, 68.3]",65.0,,,False,popularidad esperada 62.5 (±5.75) no supera el corte 65
187,0.755,0.555,0.608,0.394,82.5,3.96,-10.5,2025,0,rock,469010,62.2,0,regresion,lineal + duración² (2026-09-27),62.5,"[56.7, 68.2]",65.0,,,False,popularidad esperada 62.5 (±5.75) no supera el corte 65
188,0.68,0.693,0.649,0.506,136.8,4.15,-5.8,2025,0,indie,732552,78.5,1,regresion,lineal + duración² (2026-09-27),62.5,"[56.7, 68.2]",65.0,,,False,popularidad esperada 62.5 (±5.75) no supera el corte 65
189,0.683,0.284,0.661,0.106,114.2,2.72,-6.0,2021,0,electronica,619992,70.4,1,regresion,lineal + duración² (2026-09-27),62.4,"[56.7, 68.2]",65.0,,,False,popularidad esperada 62.4 (±5.75) no supera el corte 65
190,0.952,0.404,0.776,0.856,164.9,3.65,-7.3,2023,0,rock,419100,59.6,0,regresion,lineal + duración² (2026-09-27),62.3,"[56.6, 68.1]",65.0,,,False,popularidad esperada 62.3 (±5.75) no supera el corte 65
191,0.248,0.84,0.307,0.139,87.1,1.62,-5.3,2023,1,pop,699092,78.3,1,regresion,lineal + duración² (2026-09-27),62.3,"[56.6, 68.1]",65.0,,,False,popularidad esperada 62.3 (±5.75) no supera el corte 65
192,0.443,0.586,0.584,0.296,144.0,3.87,-9.6,2020,0,urbano,427570,58.6,0,regresion,lineal + duración² (2026-09-27),62.3,"[56.6, 68.1]",65.0,,,False,popularidad esperada 62.3 (±5.75) no supera el corte 65
193,0.733,0.61,0.613,0.744,126.4,4.26,-11.1,2022,0,pop,389937,57.9,0,regresion,lineal + duración² (2026-09-27),62.2,"[56.4, 67.9]",65.0,,,False,popularidad esperada 62.2 (±5.75) no supera el corte 65
194,0.497,0.455,0.787,0.582,94.7,3.61,-0.1,2022,0,pop,443232,60.6,0,regresion,lineal + duración² (2026-09-27),62.2,"[56.4, 67.9]",65.0,,,False,popularidad esperada 62.2 (±5.75) no supera el corte 65
195,0.568,0.39,0.555,0.216,142.5,4.62,-9.7,2022,1,pop,284287,48.2,0,regresion,lineal + duración² (2026-09-27),62.0,"[56.3, 67.8]",65.0,,,False,popularidad esperada 62.0 (±5.75) no supera el corte 65
196,0.593,0.43,0.7,0.333,140.8,3.87,-9.7,2024,1,rock,449441,60.8,0,regresion,lineal + duración² (2026-09-27),61.9,"[56.1, 67.6]",65.0,,,False,popularidad esperada 61.9 (±5.75) no supera el corte 65
197,0.396,0.747,0.469,0.036,123.6,2.65,-11.3,2021,1,indie,392010,57.0,0,regresion,lineal + duración² (2026-09-27),61.8,"[56.1, 67.6]",65.0,,,False,popularidad esperada 61.8 (±5.75) no supera el corte 65
198,0.411,0.648,0.618,0.524,68.1,3.42,-8.2,2021,0,urbano,335820,53.4,0,regresion,lineal + duración² (2026-09-27),61.8,"[56.1, 67.6]",65.0,,,False,popularidad esperada 61.8 (±5.75) no supera el corte 65
199,0.25,0.61,0.58,0.322,198.6,3.54,-7.9,2025,1,pop,552823,68.7,0,regresion,lineal + duración² (2026-09-27),61.7,"[56.0, 67.5]",65.0,,,False,popularidad esperada 61.7 (±5.75) no supera el corte 65
200,0.678,0.467,0.644,0.064,97.0,2.82,-8.1,2023,0,indie,583689,70.3,1,regresion,lineal + duración² (2026-09-27),61.7,"[55.9, 67.4]",65.0,,,False,popularidad esperada 61.7 (±5.75) no supera el corte 65
201,0.328,0.666,0.701,0.408,102.8,3.31,-9.4,2022,0,urbano,459091,61.7,0,regresion,lineal + duración² (2026-09-27),61.7,"[56.0, 67.5]",65.0,,,False,popularidad esperada 61.7 (±5.75) no supera el corte 65
202,0.565,0.542,0.169,0.279,90.3,2.46,-6.4,2022,0,urbano,336125,51.8,0,regresion,lineal + duración² (2026-09-27),61.6,"[55.8, 67.3]",65.0,,,False,popularidad esperada 61.6 (±5.75) no supera el corte 65
203,0.525,0.475,0.366,0.104,90.9,4.06,-9.5,2020,0,urbano,484507,64.3,0,regresion,lineal + duración² (2026-09-27),61.5,"[55.8, 67.3]",65.0,,,False,popularidad esperada 61.5 (±5.75) no supera el corte 65
204,0.281,0.682,0.455,0.432,140.5,3.58,-2.2,2024,0,urbano,794951,83.1,1,regresion,lineal + duración² (2026-09-27),61.4,"[55.7, 67.2]",65.0,,,False,popularidad esperada 61.4 (±5.75) no supera el corte 65
205,0.449,0.568,0.851,0.274,144.2,3.13,-14.1,2022,0,pop,733200,79.8,1,regresion,lineal + duración² (2026-09-27),61.4,"[55.6, 67.1]",65.0,,,False,popularidad esperada 61.4 (±5.75) no supera el corte 65
206,0.648,0.159,0.675,0.132,130.5,3.87,-4.5,2024,0,pop,460069,62.2,0,regresion,lineal + duración² (2026-09-27),61.3,"[55.5, 67.0]",65.0,,,False,popularidad esperada 61.3 (±5.75) no supera el corte 65
207,0.635,0.716,0.23,0.313,91.8,2.34,-14.8,2021,0,pop,402360,59.3,0,regresion,lineal + duración² (2026-09-27),61.2,"[55.4, 66.9]",65.0,,,False,popularidad esperada 61.2 (±5.75) no supera el corte 65
208,0.744,0.331,0.485,0.044,92.8,2.29,-13.6,2021,0,pop,426202,60.9,0,regresion,lineal + duración² (2026-09-27),61.2,"[55.5, 67.0]",65.0,,,False,popularidad esperada 61.2 (±5.75) no supera el corte 65
209,0.173,0.651,0.51,0.109,150.0,4.25,-10.4,2021,1,urbano,505969,66.3,0,regresion,lineal + duración² (2026-09-27),61.2,"[55.5, 67.0]",65.0,,,False,popularidad esperada 61.2 (±5.75) no supera el corte 65
210,0.775,0.475,0.534,0.126,147.9,3.52,-12.0,2023,0,indie,494518,65.8,0,regresion,lineal + duración² (2026-09-27),61.2,"[55.4, 66.9]",65.0,,,False,popularidad esperada 61.2 (±5.75) no supera el corte 65
211,0.534,0.586,0.45,0.357,127.1,1.92,-8.5,2022,1,electronica,364756,56.1,0,regresion,lineal + duración² (2026-09-27),61.0,"[55.3, 66.8]",65.0,,,False,popularidad esperada 61.0 (±5.75) no supera el corte 65
212,0.401,0.749,0.764,0.452,111.8,2.53,-2.5,2023,0,rock,596031,69.2,0,regresion,lineal + duración² (2026-09-27),60.9,"[55.1, 66.6]",65.0,,,False,popularidad esperada 60.9 (±5.75) no supera el corte 65
213,0.639,0.429,0.373,0.262,138.0,3.89,-13.7,2024,0,urbano,508577,64.7,0,regresion,lineal + duración² (2026-09-27),60.7,"[54.9, 66.4]",65.0,,,False,popularidad esperada 60.7 (±5.75) no supera el corte 65
214,0.818,0.485,0.357,0.627,143.9,3.11,-10.7,2025,1,indie,484990,63.8,0,regresion,lineal + duración² (2026-09-27),60.6,"[54.8, 66.3]",65.0,,,False,popularidad esperada 60.6 (±5.75) no supera el corte 65
215,0.364,0.756,0.302,0.383,161.9,4.27,-6.0,2021,0,urbano,287338,48.3,0,regresion,lineal + duración² (2026-09-27),60.6,"[54.9, 66.4]",65.0,,,False,popularidad esperada 60.6 (±5.75) no supera el corte 65
216,0.262,0.807,0.094,0.418,103.8,3.04,-6.8,2022,1,pop,556695,70.1,1,regresion,lineal + duración² (2026-09-27),60.6,"[54.8, 66.3]",65.0,,,False,popularidad esperada 60.6 (±5.75) no supera el corte 65
217,0.25,0.689,0.864,0.228,122.3,2.32,-12.2,2022,0,urbano,315803,51.7,0,regresion,lineal + duración² (2026-09-27),60.6,"[54.8, 66.3]",65.0,,,False,popularidad esperada 60.6 (±5.75) no supera el corte 65
218,0.61,0.307,0.408,0.167,128.5,3.26,-5.5,2024,0,pop,413669,58.8,0,regresion,lineal + duración² (2026-09-27),60.6,"[54.9, 66.4]",65.0,,,False,popularidad esperada 60.6 (±5.75) no supera el corte 65
219,0.502,0.275,0.626,0.251,92.1,2.92,-6.2,2025,1,electronica,378041,56.5,0,regresion,lineal + duración² (2026-09-27),60.5,"[54.7, 66.2]",65.0,,,False,popularidad esperada 60.5 (±5.75) no supera el corte 65
220,0.959,0.199,0.392,0.232,121.7,2.85,-7.5,2021,0,rock,361172,54.4,0,regresion,lineal + duración² (2026-09-27),60.3,"[54.6, 66.1]",65.0,,,False,popularidad esperada 60.3 (±5.75) no supera el corte 65
221,0.395,0.68,0.689,0.558,131.9,2.61,-5.2,2020,0,pop,571011,69.3,0,regresion,lineal + duración² (2026-09-27),60.3,"[54.6, 66.1]",65.0,,,False,popularidad esperada 60.3 (±5.75) no supera el corte 65
222,0.529,0.456,0.868,0.375,118.7,2.45,-9.9,2021,0,pop,409123,58.6,0,regresion,lineal + duración² (2026-09-27),60.2,"[54.4, 65.9]",65.0,,,False,popularidad esperada 60.2 (±5.75) no supera el corte 65
223,0.604,0.205,0.801,0.313,135.0,4.1,-7.4,2023,0,urbano,452019,62.3,0,regresion,lineal + duración² (2026-09-27),60.2,"[54.5, 66.0]",65.0,,,False,popularidad esperada 60.2 (±5.75) no supera el corte 65
224,0.463,0.321,0.131,0.172,146.2,3.75,-1.9,2024,1,pop,584335,72.4,1,regresion,lineal + duración² (2026-09-27),60.1,"[54.4, 65.9]",65.0,,,False,popularidad esperada 60.1 (±5.75) no supera el corte 65
225,0.718,0.301,0.379,0.351,138.5,3.8,-11.3,2024,0,urbano,372021,54.8,0,regresion,lineal + duración² (2026-09-27),60.0,"[54.3, 65.8]",65.0,,,False,popularidad esperada 60.0 (±5.75) no supera el corte 65
226,0.56,0.605,0.776,0.088,146.5,5.12,-14.9,2020,1,rock,366280,56.0,0,regresion,lineal + duración² (2026-09-27),59.9,"[54.2, 65.7]",65.0,,,False,popularidad esperada 59.9 (±5.75) no supera el corte 65
227,0.796,0.242,0.169,0.524,112.1,3.71,-4.8,2025,0,urbano,540863,67.5,0,regresion,lineal + duración² (2026-09-27),59.9,"[54.1, 65.6]",65.0,,,False,popularidad esperada 59.9 (±5.75) no supera el corte 65
228,0.267,0.783,0.431,0.244,92.4,3.41,-4.6,2023,0,electronica,432242,61.6,0,regresion,lineal + duración² (2026-09-27),59.8,"[54.1, 65.6]",65.0,,,False,popularidad esperada 59.8 (±5.75) no supera el corte 65
229,0.618,0.51,0.425,0.575,72.4,3.77,-6.0,2020,0,pop,514816,66.4,0,regresion,lineal + duración² (2026-09-27),59.7,"[53.9, 65.4]",65.0,,,False,popularidad esperada 59.7 (±5.75) no supera el corte 65
230,0.551,0.224,0.893,0.52,150.1,3.47,-5.8,2025,0,urbano,280039,47.4,0,regresion,lineal + duración² (2026-09-27),59.7,"[54.0, 65.5]",65.0,,,False,popularidad esperada 59.7 (±5.75) no supera el corte 65
231,0.491,0.364,0.623,0.347,75.6,3.23,-7.2,2022,0,urbano,474409,63.4,0,regresion,lineal + duración² (2026-09-27),59.7,"[54.0, 65.5]",65.0,,,False,popularidad esperada 59.7 (±5.75) no supera el corte 65
232,0.237,0.849,0.745,0.142,132.6,1.5,-6.7,2022,0,pop,312198,50.7,0,regresion,lineal + duración² (2026-09-27),59.7,"[53.9, 65.4]",65.0,,,False,popularidad esperada 59.7 (±5.75) no supera el corte 65
233,0.677,0.321,0.225,0.08,144.8,3.27,-5.0,2020,0,electronica,428445,59.0,0,regresion,lineal + duración² (2026-09-27),59.5,"[53.8, 65.3]",65.0,,,False,popularidad esperada 59.5 (±5.75) no supera el corte 65
234,0.226,0.609,0.624,0.042,142.6,3.31,-11.9,2021,0,urbano,420490,58.3,0,regresion,lineal + duración² (2026-09-27),59.4,"[53.7, 65.2]",65.0,,,False,popularidad esperada 59.4 (±5.75) no supera el corte 65
235,0.565,0.17,0.671,0.063,134.3,4.34,-7.4,2025,0,urbano,573595,70.3,1,regresion,lineal + duración² (2026-09-27),59.3,"[53.5, 65.0]",65.0,,,False,popularidad esperada 59.3 (±5.75) no supera el corte 65
236,0.596,0.356,0.602,0.525,144.9,4.18,-5.9,2022,0,urbano,461234,61.7,0,regresion,lineal + duración² (2026-09-27),59.2,"[53.5, 65.0]",65.0,,,False,popularidad esperada 59.2 (±5.75) no supera el corte 65
237,0.386,0.606,0.637,0.178,113.1,2.23,-4.4,2020,0,electronica,511320,66.4,0,regresion,lineal + duración² (2026-09-27),59.2,"[53.5, 65.0]",65.0,,,False,popularidad esperada 59.2 (±5.75) no supera el corte 65
238,0.403,0.77,0.349,0.446,151.6,4.18,-7.3,2022,0,pop,352506,53.1,0,regresion,lineal + duración² (2026-09-27),59.2,"[53.4, 64.9]",65.0,,,False,popularidad esperada 59.2 (±5.75) no supera el corte 65
239,0.452,0.51,0.404,0.195,120.0,3.57,-8.3,2025,0,pop,513635,64.9,0,regresion,lineal + duración² (2026-09-27),59.2,"[53.4, 64.9]",65.0,,,False,popularidad esperada 59.2 (±5.75) no supera el corte 65
240,0.832,0.702,0.072,0.462,99.4,3.06,-12.2,2023,0,indie,314242,50.9,0,regresion,lineal + duración² (2026-09-27),59.1,"[53.3, 64.8]",65.0,,,False,popularidad esperada 59.1 (±5.75) no supera el corte 65
241,0.644,0.881,0.165,0.501,126.9,4.26,-8.1,2025,0,indie,365320,55.3,0,regresion,lineal + duración² (2026-09-27),59.1,"[53.4, 64.9]",65.0,,,False,popularidad esperada 59.1 (±5.75) no supera el corte 65
242,0.474,0.685,0.691,0.308,95.4,4.16,-13.8,2020,0,electronica,529838,67.7,0,regresion,lineal + duración² (2026-09-27),59.0,"[53.3, 64.8]",65.0,,,False,popularidad esperada 59.0 (±5.75) no supera el corte 65
243,0.213,0.858,0.617,0.259,149.1,3.09,-13.7,2020,0,pop,617175,72.4,1,regresion,lineal + duración² (2026-09-27),59.0,"[53.2, 64.7]",65.0,,,False,popularidad esperada 59.0 (±5.75) no supera el corte 65
244,0.792,0.574,0.384,0.541,132.8,4.83,-9.1,2021,1,indie,324923,53.3,0,regresion,lineal + duración² (2026-09-27),58.9,"[53.1, 64.6]",65.0,,,False,popularidad esperada 58.9 (±5.75) no supera el corte 65
245,0.488,0.461,0.303,0.335,98.3,3.95,-6.1,2020,1,electronica,342554,53.7,0,regresion,lineal + duración² (2026-09-27),58.9,"[53.1, 64.6]",65.0,,,False,popularidad esperada 58.9 (±5.75) no supera el corte 65
246,0.459,0.309,0.762,0.406,118.3,2.55,-4.0,2020,1,electronica,361789,56.0,0,regresion,lineal + duración² (2026-09-27),58.9,"[53.1, 64.6]",65.0,,,False,popularidad esperada 58.9 (±5.75) no supera el corte 65
247,0.556,0.681,0.52,0.04,117.6,2.3,-12.0,2024,0,indie,357179,54.2,0,regresion,lineal + duración² (2026-09-27),58.8,"[53.0, 64.5]",65.0,,,False,popularidad esperada 58.8 (±5.75) no supera el corte 65
248,0.441,0.612,0.142,0.101,67.9,2.36,-5.6,2021,0,pop,401314,57.7,0,regresion,lineal + duración² (2026-09-27),58.8,"[53.1, 64.6]",65.0,,,False,popularidad esperada 58.8 (±5.75) no supera el corte 65
249,0.893,0.344,0.281,0.407,115.1,4.28,-10.2,2022,0,electronica,409126,58.9,0,regresion,lineal + duración² (2026-09-27),58.8,"[53.0, 64.5]",65.0,,,False,popularidad esperada 58.8 (±5.75) no supera el corte 65
250,0.722,0.604,0.064,0.314,109.3,3.68,-9.0,2023,0,rock,430673,61.4,0,regresion,lineal + duración² (2026-09-27),58.5,"[52.7, 64.2]",65.0,,,False,popularidad esperada 58.5 (±5.75) no supera el corte 65
251,0.23,0.663,0.686,0.236,126.7,4.39,-9.5,2024,0,urbano,325609,53.3,0,regresion,lineal + duración² (2026-09-27),58.3,"[52.5, 64.0]",65.0,,,False,popularidad esperada 58.3 (±5.75) no supera el corte 65
252,0.218,0.789,0.294,0.162,99.6,3.31,-7.9,2021,1,rock,374047,55.3,0,regresion,lineal + duración² (2026-09-27),58.3,"[52.6, 64.1]",65.0,,,False,popularidad esperada 58.3 (±5.75) no supera el corte 65
253,0.721,0.274,0.157,0.456,127.0,4.21,-4.3,2025,0,urbano,463771,62.0,0,regresion,lineal + duración² (2026-09-27),57.9,"[52.2, 63.7]",65.0,,,False,popularidad esperada 57.9 (±5.75) no supera el corte 65
254,0.826,0.343,0.688,0.948,107.1,4.56,-9.7,2023,0,urbano,222438,42.4,0,regresion,lineal + duración² (2026-09-27),57.8,"[52.0, 63.5]",65.0,,,False,popularidad esperada 57.8 (±5.75) no supera el corte 65
255,0.55,0.77,0.451,0.652,93.8,4.79,-10.6,2024,0,pop,230774,43.4,0,regresion,lineal + duración² (2026-09-27),57.7,"[51.9, 63.4]",65.0,,,False,popularidad esperada 57.7 (±5.75) no supera el corte 65
256,0.695,0.396,0.442,0.659,120.6,3.74,-7.5,2022,0,pop,494598,64.2,0,regresion,lineal + duración² (2026-09-27),57.6,"[51.8, 63.3]",65.0,,,False,popularidad esperada 57.6 (±5.75) no supera el corte 65
257,0.534,0.445,0.495,0.188,132.6,2.44,-7.2,2023,0,electronica,496642,65.5,0,regresion,lineal + duración² (2026-09-27),57.6,"[51.8, 63.3]",65.0,,,False,popularidad esperada 57.6 (±5.75) no supera el corte 65
258,0.498,0.781,0.175,0.251,171.6,4.1,-8.8,2025,0,rock,449282,61.2,0,regresion,lineal + duración² (2026-09-27),57.6,"[51.8, 63.3]",65.0,,,False,popularidad esperada 57.6 (±5.75) no supera el corte 65
259,0.491,0.383,0.477,0.258,121.4,3.67,-11.4,2025,0,urbano,321177,52.1,0,regresion,lineal + duración² (2026-09-27),57.6,"[51.9, 63.4]",65.0,,,False,popularidad esperada 57.6 (±5.75) no supera el corte 65
260,0.831,0.267,0.332,0.264,147.8,2.48,-10.6,2022,0,electronica,504547,65.8,0,regresion,lineal + duración² (2026-09-27),57.5,"[51.8, 63.3]",65.0,,,False,popularidad esperada 57.5 (±5.75) no supera el corte 65
261,0.441,0.645,0.106,0.021,129.8,3.73,-3.9,2022,0,rock,432369,60.6,0,regresion,lineal + duración² (2026-09-27),57.5,"[51.7, 63.2]",65.0,,,False,popularidad esperada 57.5 (±5.75) no supera el corte 65
262,0.452,0.516,0.901,0.421,130.1,3.4,-6.1,2021,0,rock,544358,67.6,0,regresion,lineal + duración² (2026-09-27),57.1,"[51.3, 62.8]",65.0,,,False,popularidad esperada 57.1 (±5.75) no supera el corte 65
263,0.388,0.5,0.616,0.267,97.5,2.7,-9.1,2024,0,pop,377202,57.1,0,regresion,lineal + duración² (2026-09-27),57.0,"[51.2, 62.7]",65.0,,,False,popularidad esperada 57.0 (±5.75) no supera el corte 65
264,0.702,0.394,0.252,0.493,119.3,4.03,-7.8,2022,0,pop,534135,67.5,0,regresion,lineal + duración² (2026-09-27),56.9,"[51.1, 62.6]",65.0,,,False,popularidad esperada 56.9 (±5.75) no supera el corte 65
265,0.153,0.856,0.803,0.458,143.1,2.66,-11.6,2021,0,pop,267807,46.5,0,regresion,lineal + duración² (2026-09-27),56.8,"[51.1, 62.6]",65.0,,,False,popularidad esperada 56.8 (±5.75) no supera el corte 65
266,0.375,0.419,0.846,0.926,113.4,3.01,-9.1,2024,1,urbano,349682,54.6,0,regresion,lineal + duración² (2026-09-27),56.8,"[51.1, 62.6]",65.0,,,False,popularidad esperada 56.8 (±5.75) no supera el corte 65
267,0.113,0.814,0.735,0.278,96.4,2.96,-7.2,2021,0,electronica,413117,58.1,0,regresion,lineal + duración² (2026-09-27),56.7,"[51.0, 62.5]",65.0,,,False,popularidad esperada 56.7 (±5.75) no supera el corte 65
268,0.632,0.48,0.175,0.175,146.4,2.94,-6.3,2023,0,rock,357502,56.2,0,regresion,lineal + duración² (2026-09-27),56.7,"[51.0, 62.5]",65.0,,,False,popularidad esperada 56.7 (±5.75) no supera el corte 65
269,0.069,0.734,0.402,0.535,126.8,2.9,-6.9,2022,1,urbano,275492,47.7,0,regresion,lineal + duración² (2026-09-27),56.5,"[50.7, 62.2]",65.0,,,False,popularidad esperada 56.5 (±5.75) no supera el corte 65
270,0.761,0.46,0.217,0.751,131.1,3.18,-6.6,2024,0,electronica,194575,39.8,0,regresion,lineal + duración² (2026-09-27),56.4,"[50.6, 62.1]",65.0,,,False,popularidad esperada 56.4 (±5.75) no supera el corte 65
271,0.177,0.61,0.889,0.303,137.1,3.25,-13.8,2022,0,urbano,369506,54.9,0,regresion,lineal + duración² (2026-09-27),56.4,"[50.7, 62.2]",65.0,,,False,popularidad esperada 56.4 (±5.75) no supera el corte 65
272,0.452,0.429,0.618,0.341,111.7,3.86,-8.4,2021,0,pop,301957,50.4,0,regresion,lineal + duración² (2026-09-27),56.1,"[50.4, 61.9]",65.0,,,False,popularidad esperada 56.1 (±5.75) no supera el corte 65
273,0.257,0.764,0.579,0.275,120.0,2.72,-15.7,2025,0,pop,318198,50.1,0,regresion,lineal + duración² (2026-09-27),56.1,"[50.4, 61.9]",65.0,,,False,popularidad esperada 56.1 (±5.75) no supera el corte 65
274,0.527,0.654,0.58,0.656,149.3,4.88,-7.2,2021,0,pop,421755,57.5,0,regresion,lineal + duración² (2026-09-27),55.9,"[50.1, 61.6]",65.0,,,False,popularidad esperada 55.9 (±5.75) no supera el corte 65
275,0.275,0.671,0.286,0.533,138.1,2.89,-10.8,2024,1,pop,483844,64.4,0,regresion,lineal + duración² (2026-09-27),55.7,"[49.9, 61.4]",65.0,,,False,popularidad esperada 55.7 (±5.75) no supera el corte 65
276,0.571,0.218,0.619,0.539,118.2,2.56,-6.5,2024,1,electronica,366422,55.2,0,regresion,lineal + duración² (2026-09-27),55.7,"[50.0, 61.5]",65.0,,,False,popularidad esperada 55.7 (±5.75) no supera el corte 65
277,0.74,0.416,0.55,0.26,71.4,4.64,-11.1,2024,0,rock,265658,46.3,0,regresion,lineal + duración² (2026-09-27),55.7,"[49.9, 61.4]",65.0,,,False,popularidad esperada 55.7 (±5.75) no supera el corte 65
278,0.421,0.212,0.705,0.223,144.3,3.18,-7.8,2023,0,urbano,431296,59.3,0,regresion,lineal + duración² (2026-09-27),55.6,"[49.8, 61.3]",65.0,,,False,popularidad esperada 55.6 (±5.75) no supera el corte 65
279,0.333,0.626,0.287,0.345,82.8,3.8,-6.5,2024,0,pop,342294,53.3,0,regresion,lineal + duración² (2026-09-27),55.4,"[49.6, 61.1]",65.0,,,False,popularidad esperada 55.4 (±5.75) no supera el corte 65
280,0.59,0.583,0.087,0.331,87.0,3.26,-6.8,2024,0,rock,297267,49.6,0,regresion,lineal + duración² (2026-09-27),55.2,"[49.4, 60.9]",65.0,,,False,popularidad esperada 55.2 (±5.75) no supera el corte 65
281,0.699,0.376,0.277,0.312,188.4,3.57,-6.4,2022,0,rock,298494,48.9,0,regresion,lineal + duración² (2026-09-27),55.2,"[49.5, 61.0]",65.0,,,False,popularidad esperada 55.2 (±5.75) no supera el corte 65
282,0.425,0.579,0.539,0.088,122.7,2.79,-7.0,2022,0,indie,268036,46.4,0,regresion,lineal + duración² (2026-09-27),55.1,"[49.4, 60.9]",65.0,,,False,popularidad esperada 55.1 (±5.75) no supera el corte 65
283,0.496,0.826,0.7,0.832,126.6,3.97,-7.7,2022,0,indie,477760,63.2,0,regresion,lineal + duración² (2026-09-27),55.1,"[49.4, 60.9]",65.0,,,False,popularidad esperada 55.1 (±5.75) no supera el corte 65
284,0.707,0.4,0.517,0.866,110.0,4.45,-10.0,2023,0,urbano,431273,60.6,0,regresion,lineal + duración² (2026-09-27),55.0,"[49.2, 60.7]",65.0,,,False,popularidad esperada 55.0 (±5.75) no supera el corte 65
285,0.318,0.783,0.327,0.27,109.0,3.07,-13.0,2022,0,electronica,288306,49.5,0,regresion,lineal + duración² (2026-09-27),55.0,"[49.3, 60.8]",65.0,,,False,popularidad esperada 55.0 (±5.75) no supera el corte 65
286,0.432,0.944,0.74,0.667,107.7,4.59,-10.8,2023,0,indie,285671,48.8,0,regresion,lineal + duración² (2026-09-27),54.9,"[49.2, 60.7]",65.0,,,False,popularidad esperada 54.9 (±5.75) no supera el corte 65
287,0.544,0.424,0.066,0.507,131.8,3.71,-6.2,2024,0,urbano,451279,61.5,0,regresion,lineal + duración² (2026-09-27),54.7,"[48.9, 60.4]",65.0,,,False,popularidad esperada 54.7 (±5.75) no supera el corte 65
288,0.431,0.525,0.262,0.293,102.6,2.93,-14.0,2022,0,urbano,498713,64.3,0,regresion,lineal + duración² (2026-09-27),54.6,"[48.9, 60.4]",65.0,,,False,popularidad esperada 54.6 (±5.75) no supera el corte 65
289,0.609,0.651,0.344,0.472,78.3,3.78,-9.7,2024,0,indie,380468,57.2,0,regresion,lineal + duración² (2026-09-27),54.5,"[48.7, 60.2]",65.0,,,False,popularidad esperada 54.5 (±5.75) no supera el corte 65
290,0.678,0.179,0.516,0.316,138.4,4.24,-9.6,2025,0,pop,382220,56.0,0,regresion,lineal + duración² (2026-09-27),54.4,"[48.6, 60.1]",65.0,,,False,popularidad esperada 54.4 (±5.75) no supera el corte 65
291,0.367,0.637,0.209,0.548,149.4,2.32,-8.1,2025,1,electronica,271253,45.7,0,regresion,lineal + duración² (2026-09-27),54.1,"[48.4, 59.9]",65.0,,,False,popularidad esperada 54.1 (±5.75) no supera el corte 65
292,0.499,0.242,0.753,0.095,118.8,2.3,-8.5,2023,1,indie,356214,54.0,0,regresion,lineal + duración² (2026-09-27),54.0,"[48.3, 59.8]",65.0,,,False,popularidad esperada 54.0 (±5.75) no supera el corte 65
293,0.694,0.623,0.219,0.381,138.2,5.96,-5.6,2020,1,electronica,367330,54.6,0,regresion,lineal + duración² (2026-09-27),54.0,"[48.3, 59.8]",65.0,,,False,popularidad esperada 54.0 (±5.75) no supera el corte 65
294,0.411,0.451,0.773,0.05,140.1,2.5,-9.6,2020,0,rock,251573,46.1,0,regresion,lineal + duración² (2026-09-27),54.0,"[48.3, 59.8]",65.0,,,False,popularidad esperada 54.0 (±5.75) no supera el corte 65
295,0.298,0.702,0.311,0.441,107.1,2.96,-9.0,2022,0,pop,303239,49.8,0,regresion,lineal + duración² (2026-09-27),53.9,"[48.1, 59.6]",65.0,,,False,popularidad esperada 53.9 (±5.75) no supera el corte 65
296,0.41,0.072,0.504,0.017,112.6,2.87,-3.5,2023,0,urbano,381220,57.6,0,regresion,lineal + duración² (2026-09-27),53.7,"[48.0, 59.5]",65.0,,,False,popularidad esperada 53.7 (±5.75) no supera el corte 65
297,0.334,0.768,0.499,0.314,67.3,3.22,-7.9,2021,0,indie,292320,49.8,0,regresion,lineal + duración² (2026-09-27),53.7,"[48.0, 59.5]",65.0,,,False,popularidad esperada 53.7 (±5.75) no supera el corte 65
298,0.418,0.188,0.411,0.068,96.2,2.93,-7.1,2024,0,urbano,342365,53.4,0,regresion,lineal + duración² (2026-09-27),53.7,"[48.0, 59.5]",65.0,,,False,popularidad esperada 53.7 (±5.75) no supera el corte 65
299,0.603,0.418,0.129,0.365,112.2,3.63,-12.2,2025,0,pop,290292,48.7,0,regresion,lineal + duración² (2026-09-27),53.6,"[47.9, 59.4]",65.0,,,False,popularidad esperada 53.6 (±5.75) no supera el corte 65
300,0.176,0.448,0.579,0.287,123.4,4.58,-3.3,2022,1,pop,335537,51.4,0,regresion,lineal + duración² (2026-09-27),53.6,"[47.9, 59.4]",65.0,,,False,popularidad esperada 53.6 (±5.75) no supera el corte 65
301,0.168,0.512,0.375,0.252,159.7,3.65,-9.6,2024,1,pop,262737,47.1,0,regresion,lineal + duración² (2026-09-27),53.4,"[47.7, 59.2]",65.0,,,False,popularidad esperada 53.4 (±5.75) no supera el corte 65
302,0.393,0.76,0.275,0.765,104.8,4.26,-6.5,2022,0,pop,396330,58.1,0,regresion,lineal + duración² (2026-09-27),53.2,"[47.5, 59.0]",65.0,,,False,popularidad esperada 53.2 (±5.75) no supera el corte 65
303,0.489,0.248,0.915,0.153,138.2,3.85,-8.8,2025,0,rock,356862,55.1,0,regresion,lineal + duración² (2026-09-27),53.2,"[47.4, 58.9]",65.0,,,False,popularidad esperada 53.2 (±5.75) no supera el corte 65
304,0.353,0.478,0.539,0.515,135.9,4.28,-6.6,2021,0,urbano,328382,51.7,0,regresion,lineal + duración² (2026-09-27),53.0,"[47.2, 58.7]",65.0,,,False,popularidad esperada 53.0 (±5.75) no supera el corte 65
305,0.553,0.229,0.377,0.18,144.1,3.87,-9.5,2023,0,pop,246392,43.7,0,regresion,lineal + duración² (2026-09-27),52.9,"[47.1, 58.6]",65.0,,,False,popularidad esperada 52.9 (±5.75) no supera el corte 65
306,0.728,0.314,0.74,0.453,110.6,4.74,-8.4,2025,0,rock,171109,37.5,0,regresion,lineal + duración² (2026-09-27),52.9,"[47.2, 58.7]",65.0,,,False,popularidad esperada 52.9 (±5.75) no supera el corte 65
307,0.191,0.509,0.412,0.004,129.3,3.12,-7.9,2020,0,pop,449589,61.6,0,regresion,lineal + duración² (2026-09-27),52.7,"[46.9, 58.4]",65.0,,,False,popularidad esperada 52.7 (±5.75) no supera el corte 65
308,0.484,0.589,0.609,0.281,158.5,5.0,-12.7,2024,1,indie,307006,50.4,0,regresion,lineal + duración² (2026-09-27),52.7,"[47.0, 58.5]",65.0,,,False,popularidad esperada 52.7 (±5.75) no supera el corte 65
309,0.332,0.463,0.73,0.265,107.1,2.75,-10.7,2022,1,indie,343283,54.2,0,regresion,lineal + duración² (2026-09-27),52.3,"[46.5, 58.0]",65.0,,,False,popularidad esperada 52.3 (±5.75) no supera el corte 65
310,0.217,0.611,0.394,0.131,65.6,3.29,-8.3,2021,1,indie,331607,52.7,0,regresion,lineal + duración² (2026-09-27),52.3,"[46.6, 58.1]",65.0,,,False,popularidad esperada 52.3 (±5.75) no supera el corte 65
311,0.865,0.21,0.146,0.45,108.4,4.05,-4.6,2021,0,rock,291625,49.8,0,regresion,lineal + duración² (2026-09-27),52.2,"[46.5, 58.0]",65.0,,,False,popularidad esperada 52.2 (±5.75) no supera el corte 65
312,0.273,0.459,0.78,0.402,122.0,4.25,-6.3,2023,0,pop,350289,54.6,0,regresion,lineal + duración² (2026-09-27),52.2,"[46.5, 58.0]",65.0,,,False,popularidad esperada 52.2 (±5.75) no supera el corte 65
313,0.522,0.781,0.513,0.71,135.4,3.71,-11.8,2020,0,indie,208616,41.3,0,regresion,lineal + duración² (2026-09-27),52.2,"[46.5, 58.0]",65.0,,,False,popularidad esperada 52.2 (±5.75) no supera el corte 65
314,0.562,0.566,0.404,0.803,86.1,3.07,-14.8,2022,1,rock,510717,68.0,0,regresion,lineal + duración² (2026-09-27),51.9,"[46.1, 57.6]",65.0,,,False,popularidad esperada 51.9 (±5.75) no supera el corte 65
315,0.486,0.723,0.271,0.542,126.9,3.62,-11.8,2024,0,rock,289950,48.9,0,regresion,lineal + duración² (2026-09-27),51.9,"[46.2, 57.7]",65.0,,,False,popularidad esperada 51.9 (±5.75) no supera el corte 65
316,0.303,0.62,0.291,0.461,130.5,4.18,-6.1,2025,0,pop,403417,58.8,0,regresion,lineal + duración² (2026-09-27),51.8,"[46.1, 57.6]",65.0,,,False,popularidad esperada 51.8 (±5.75) no supera el corte 65
317,0.402,0.304,0.407,0.207,113.8,4.29,-3.0,2021,0,pop,478881,63.4,0,regresion,lineal + duración² (2026-09-27),51.7,"[46.0, 57.5]",65.0,,,False,popularidad esperada 51.7 (±5.75) no supera el corte 65
318,0.109,0.41,0.88,0.092,108.8,3.8,-8.3,2025,0,pop,280234,48.4,0,regresion,lineal + duración² (2026-09-27),51.7,"[45.9, 57.4]",65.0,,,False,popularidad esperada 51.7 (±5.75) no supera el corte 65
319,0.331,0.679,0.069,0.452,178.7,3.97,-11.6,2022,0,urbano,313651,52.0,0,regresion,lineal + duración² (2026-09-27),51.7,"[46.0, 57.5]",65.0,,,False,popularidad esperada 51.7 (±5.75) no supera el corte 65
320,0.353,0.363,0.519,0.323,109.0,3.92,-5.1,2021,0,pop,437312,60.7,0,regresion,lineal + duración² (2026-09-27),51.6,"[45.9, 57.4]",65.0,,,False,popularidad esperada 51.6 (±5.75) no supera el corte 65
321,0.229,0.601,0.345,0.297,87.2,3.94,-3.9,2024,1,indie,328051,52.0,0,regresion,lineal + duración² (2026-09-27),51.5,"[45.8, 57.3]",65.0,,,False,popularidad esperada 51.5 (±5.75) no supera el corte 65
322,0.66,0.28,0.436,0.351,99.3,2.07,-1.7,2020,0,rock,392988,58.2,0,regresion,lineal + duración² (2026-09-27),51.5,"[45.8, 57.3]",65.0,,,False,popularidad esperada 51.5 (±5.75) no supera el corte 65
323,0.019,0.462,0.66,0.034,141.7,2.67,-8.1,2025,1,electronica,226081,42.7,0,regresion,lineal + duración² (2026-09-27),51.5,"[45.8, 57.3]",65.0,,,False,popularidad esperada 51.5 (±5.75) no supera el corte 65
324,0.273,0.82,0.377,0.7,143.9,2.61,-11.1,2020,0,pop,463844,62.7,0,regresion,lineal + duración² (2026-09-27),51.2,"[45.4, 56.9]",65.0,,,False,popularidad esperada 51.2 (±5.75) no supera el corte 65
325,0.729,0.514,0.182,0.702,143.9,2.23,-5.7,2020,0,rock,359880,53.1,0,regresion,lineal + duración² (2026-09-27),51.0,"[45.3, 56.8]",65.0,,,False,popularidad esperada 51.0 (±5.75) no supera el corte 65
326,0.717,0.261,0.373,0.577,107.5,4.27,-7.2,2022,0,electronica,335948,51.0,0,regresion,lineal + duración² (2026-09-27),50.9,"[45.1, 56.6]",65.0,,,False,popularidad esperada 50.9 (±5.75) no supera el corte 65
327,0.262,0.597,0.462,0.658,132.5,4.75,-8.1,2025,1,pop,352755,52.4,0,regresion,lineal + duración² (2026-09-27),50.8,"[45.1, 56.6]",65.0,,,False,popularidad esperada 50.8 (±5.75) no supera el corte 65
328,0.35,0.56,0.518,0.492,126.8,4.16,-11.6,2024,0,pop,402700,58.0,0,regresion,lineal + duración² (2026-09-27),50.8,"[45.1, 56.6]",65.0,,,False,popularidad esperada 50.8 (±5.75) no supera el corte 65
329,0.71,0.177,0.577,0.343,121.2,3.96,-9.1,2022,0,rock,317248,50.3,0,regresion,lineal + duración² (2026-09-27),50.8,"[45.0, 56.5]",65.0,,,False,popularidad esperada 50.8 (±5.75) no supera el corte 65
330,0.37,0.885,0.449,0.545,111.7,4.46,-10.4,2024,0,indie,250744,45.2,0,regresion,lineal + duración² (2026-09-27),50.5,"[44.7, 56.2]",65.0,,,False,popularidad esperada 50.5 (±5.75) no supera el corte 65
331,0.286,0.416,0.777,0.117,107.7,3.15,-8.2,2022,0,rock,327994,51.3,0,regresion,lineal + duración² (2026-09-27),50.5,"[44.7, 56.2]",65.0,,,False,popularidad esperada 50.5 (±5.75) no supera el corte 65
332,0.448,0.367,0.789,0.614,130.0,3.58,-9.6,2025,0,electronica,290039,50.0,0,regresion,lineal + duración² (2026-09-27),50.5,"[44.7, 56.2]",65.0,,,False,popularidad esperada 50.5 (±5.75) no supera el corte 65
333,0.225,0.787,0.358,0.546,89.6,1.96,-12.3,2020,1,electronica,318804,51.1,0,regresion,lineal + duración² (2026-09-27),50.4,"[44.7, 56.2]",65.0,,,False,popularidad esperada 50.4 (±5.75) no supera el corte 65
334,0.543,0.296,0.609,0.135,98.6,3.06,-13.4,2022,0,rock,343562,52.9,0,regresion,lineal + duración² (2026-09-27),50.4,"[44.7, 56.2]",65.0,,,False,popularidad esperada 50.4 (±5.75) no supera el corte 65
335,0.231,0.762,0.405,0.446,199.2,3.85,-11.6,2023,0,electronica,283967,46.9,0,regresion,lineal + duración² (2026-09-27),50.3,"[44.6, 56.1]",65.0,,,False,popularidad esperada 50.3 (±5.75) no supera el corte 65
336,0.519,0.577,0.248,0.463,102.6,3.49,-6.8,2024,0,indie,394190,56.6,0,regresion,lineal + duración² (2026-09-27),50.3,"[44.6, 56.1]",65.0,,,False,popularidad esperada 50.3 (±5.75) no supera el corte 65
337,0.354,0.35,0.633,0.295,173.5,2.15,-7.3,2023,1,rock,322064,53.0,0,regresion,lineal + duración² (2026-09-27),50.2,"[44.4, 55.9]",65.0,,,False,popularidad esperada 50.2 (±5.75) no supera el corte 65
338,0.346,0.299,0.434,0.258,132.4,3.96,-10.2,2025,0,urbano,258208,47.3,0,regresion,lineal + duración² (2026-09-27),49.9,"[44.1, 55.6]",65.0,,,False,popularidad esperada 49.9 (±5.75) no supera el corte 65
339,0.348,0.473,0.144,0.249,124.1,4.57,-9.8,2024,1,electronica,410820,58.3,0,regresion,lineal + duración² (2026-09-27),49.8,"[44.0, 55.5]",65.0,,,False,popularidad esperada 49.8 (±5.75) no supera el corte 65
340,0.592,0.149,0.482,0.191,119.8,3.23,-7.1,2023,0,rock,232992,45.4,0,regresion,lineal + duración² (2026-09-27),49.3,"[43.5, 55.0]",65.0,,,False,popularidad esperada 49.3 (±5.75) no supera el corte 65
341,0.126,0.356,0.241,0.16,107.0,3.73,-10.2,2023,1,urbano,278246,48.5,0,regresion,lineal + duración² (2026-09-27),49.3,"[43.6, 55.1]",65.0,,,False,popularidad esperada 49.3 (±5.75) no supera el corte 65
342,0.4,0.512,0.103,0.2,111.4,3.26,-6.5,2025,0,rock,334956,53.0,0,regresion,lineal + duración² (2026-09-27),49.2,"[43.4, 54.9]",65.0,,,False,popularidad esperada 49.2 (±5.75) no supera el corte 65
343,0.305,0.525,0.881,0.46,137.3,5.02,-5.1,2022,0,electronica,253095,45.5,0,regresion,lineal + duración² (2026-09-27),49.1,"[43.3, 54.8]",65.0,,,False,popularidad esperada 49.1 (±5.75) no supera el corte 65
344,0.383,0.64,0.075,0.682,110.4,3.36,-9.7,2025,0,pop,355507,54.5,0,regresion,lineal + duración² (2026-09-27),49.0,"[43.3, 54.8]",65.0,,,False,popularidad esperada 49.0 (±5.75) no supera el corte 65
345,0.242,0.697,0.092,0.024,145.5,4.43,-11.3,2022,0,electronica,192845,39.9,0,regresion,lineal + duración² (2026-09-27),48.9,"[43.1, 54.6]",65.0,,,False,popularidad esperada 48.9 (±5.75) no supera el corte 65
346,0.265,0.483,0.708,0.315,124.9,4.66,-9.6,2022,0,pop,326868,51.5,0,regresion,lineal + duración² (2026-09-27),48.9,"[43.2, 54.7]",65.0,,,False,popularidad esperada 48.9 (±5.75) no supera el corte 65
347,0.354,0.398,0.058,0.187,111.6,3.5,-12.0,2022,0,urbano,415764,58.5,0,regresion,lineal + duración² (2026-09-27),48.8,"[43.1, 54.6]",65.0,,,False,popularidad esperada 48.8 (±5.75) no supera el corte 65
348,0.527,0.377,0.728,0.175,130.3,5.52,-12.2,2023,0,pop,337815,52.4,0,regresion,lineal + duración² (2026-09-27),48.7,"[43.0, 54.5]",65.0,,,False,popularidad esperada 48.7 (±5.75) no supera el corte 65
349,0.396,0.676,0.221,0.533,118.8,4.14,-7.0,2024,0,rock,341111,53.2,0,regresion,lineal + duración² (2026-09-27),48.4,"[42.6, 54.1]",65.0,,,False,popularidad esperada 48.4 (±5.75) no supera el corte 65
350,0.315,0.306,0.395,0.502,113.0,3.9,-5.7,2024,1,electronica,246447,45.2,0,regresion,lineal + duración² (2026-09-27),48.4,"[42.7, 54.2]",65.0,,,False,popularidad esperada 48.4 (±5.75) no supera el corte 65
351,0.146,0.594,0.276,0.385,120.3,4.44,-6.5,2022,1,electronica,280313,48.1,0,regresion,lineal + duración² (2026-09-27),48.3,"[42.6, 54.1]",65.0,,,False,popularidad esperada 48.3 (±5.75) no supera el corte 65
352,0.166,0.547,0.628,0.238,122.7,4.63,-13.3,2021,0,urbano,316221,51.1,0,regresion,lineal + duración² (2026-09-27),48.2,"[42.4, 53.9]",65.0,,,False,popularidad esperada 48.2 (±5.75) no supera el corte 65
353,0.22,0.627,0.382,0.416,115.0,4.17,-6.9,2024,0,electronica,432666,61.2,0,regresion,lineal + duración² (2026-09-27),48.0,"[42.3, 53.8]",65.0,,,False,popularidad esperada 48.0 (±5.75) no supera el corte 65
354,0.328,0.459,0.19,0.046,114.8,3.23,-1.7,2020,0,indie,207889,41.7,0,regresion,lineal + duración² (2026-09-27),48.0,"[42.3, 53.8]",65.0,,,False,popularidad esperada 48.0 (±5.75) no supera el corte 65
355,0.44,0.346,0.483,0.047,94.3,2.74,-13.7,2024,0,rock,321689,52.3,0,regresion,lineal + duración² (2026-09-27),47.7,"[41.9, 53.4]",65.0,,,False,popularidad esperada 47.7 (±5.75) no supera el corte 65
356,0.212,0.518,0.45,0.282,110.9,2.85,-8.5,2024,0,electronica,447489,60.2,0,regresion,lineal + duración² (2026-09-27),47.7,"[41.9, 53.4]",65.0,,,False,popularidad esperada 47.7 (±5.75) no supera el corte 65
357,0.226,0.458,0.491,0.382,116.2,3.59,-10.0,2023,1,rock,122034,31.8,0,regresion,lineal + duración² (2026-09-27),47.4,"[41.6, 53.1]",65.0,,,False,popularidad esperada 47.4 (±5.75) no supera el corte 65
358,0.46,0.624,0.135,0.521,126.8,3.12,-5.9,2020,0,indie,266512,46.8,0,regresion,lineal + duración² (2026-09-27),47.3,"[41.6, 53.1]",65.0,,,False,popularidad esperada 47.3 (±5.75) no supera el corte 65
359,0.569,0.152,0.164,0.332,153.1,2.59,-3.6,2023,1,indie,213985,41.6,0,regresion,lineal + duración² (2026-09-27),47.1,"[41.4, 52.9]",65.0,,,False,popularidad esperada 47.1 (±5.75) no supera el corte 65
360,0.306,0.645,0.212,0.776,159.2,3.37,-9.3,2023,1,rock,248516,44.7,0,regresion,lineal + duración² (2026-09-27),46.9,"[41.2, 52.7]",65.0,,,False,popularidad esperada 46.9 (±5.75) no supera el corte 65
361,0.314,0.527,0.151,0.332,145.9,3.17,-8.5,2020,0,electronica,191896,40.3,0,regresion,lineal + duración² (2026-09-27),46.8,"[41.0, 52.5]",65.0,,,False,popularidad esperada 46.8 (±5.75) no supera el corte 65
362,0.776,0.279,0.333,0.608,102.8,4.82,-12.1,2020,1,indie,347640,54.5,0,regresion,lineal + duración² (2026-09-27),46.6,"[40.9, 52.4]",65.0,,,False,popularidad esperada 46.6 (±5.75) no supera el corte 65
363,0.16,0.442,0.535,0.369,145.1,4.05,-6.4,2025,0,pop,371108,55.7,0,regresion,lineal + duración² (2026-09-27),46.5,"[40.8, 52.3]",65.0,,,False,popularidad esperada 46.5 (±5.75) no supera el corte 65
364,0.215,0.622,0.656,0.175,104.7,4.49,-8.8,2025,0,indie,235557,43.8,0,regresion,lineal + duración² (2026-09-27),46.5,"[40.7, 52.2]",65.0,,,False,popularidad esperada 46.5 (±5.75) no supera el corte 65
365,0.508,0.175,0.831,0.188,133.2,4.03,-9.9,2022,0,indie,325264,51.4,0,regresion,lineal + duración² (2026-09-27),46.3,"[40.6, 52.1]",65.0,,,False,popularidad esperada 46.3 (±5.75) no supera el corte 65
366,0.275,0.552,0.327,0.376,137.6,3.24,-2.6,2025,0,indie,289074,49.3,0,regresion,lineal + duración² (2026-09-27),46.2,"[40.4, 51.9]",65.0,,,False,popularidad esperada 46.2 (±5.75) no supera el corte 65
367,0.345,0.505,0.289,0.613,126.1,2.56,-9.2,2022,0,pop,191939,40.0,0,regresion,lineal + duración² (2026-09-27),46.0,"[40.2, 51.7]",65.0,,,False,popularidad esperada 46.0 (±5.75) no supera el corte 65
368,0.239,0.377,0.457,0.2,124.6,3.92,-8.1,2024,0,electronica,309692,50.9,0,regresion,lineal + duración² (2026-09-27),45.7,"[39.9, 51.4]",65.0,,,False,popularidad esperada 45.7 (±5.75) no supera el corte 65
369,0.354,0.597,0.163,0.543,91.7,4.41,-12.1,2024,0,pop,198880,39.5,0,regresion,lineal + duración² (2026-09-27),45.6,"[39.9, 51.4]",65.0,,,False,popularidad esperada 45.6 (±5.75) no supera el corte 65
370,0.449,0.43,0.203,0.139,140.2,2.67,-13.0,2022,0,rock,234149,44.4,0,regresion,lineal + duración² (2026-09-27),45.5,"[39.8, 51.3]",65.0,,,False,popularidad esperada 45.5 (±5.75) no supera el corte 65
371,0.728,0.228,0.368,0.514,132.8,4.92,-4.6,2022,0,rock,349427,53.0,0,regresion,lineal + duración² (2026-09-27),45.5,"[39.7, 51.2]",65.0,,,False,popularidad esperada 45.5 (±5.75) no supera el corte 65
372,0.232,0.601,0.3,0.449,140.2,3.03,-11.9,2025,1,indie,269794,46.7,0,regresion,lineal + duración² (2026-09-27),45.4,"[39.6, 51.1]",65.0,,,False,popularidad esperada 45.4 (±5.75) no supera el corte 65
373,0.304,0.287,0.54,0.302,122.7,3.48,-11.8,2020,0,pop,356109,55.0,0,regresion,lineal + duración² (2026-09-27),45.3,"[39.5, 51.0]",65.0,,,False,popularidad esperada 45.3 (±5.75) no supera el corte 65
374,0.381,0.372,0.336,0.311,140.1,4.66,-10.1,2024,0,pop,268435,47.8,0,regresion,lineal + duración² (2026-09-27),45.2,"[39.5, 51.0]",65.0,,,False,popularidad esperada 45.2 (±5.75) no supera el corte 65
375,0.472,0.236,0.285,0.491,141.6,2.52,-3.1,2020,0,electronica,338947,54.0,0,regresion,lineal + duración² (2026-09-27),44.8,"[39.0, 50.5]",65.0,,,False,popularidad esperada 44.8 (±5.75) no supera el corte 65
376,0.248,0.577,0.239,0.269,125.8,3.86,-8.7,2024,0,rock,235492,43.9,0,regresion,lineal + duración² (2026-09-27),44.5,"[38.8, 50.3]",65.0,,,False,popularidad esperada 44.5 (±5.75) no supera el corte 65
377,0.489,0.289,0.159,0.245,77.7,4.04,-6.4,2023,0,rock,246622,46.0,0,regresion,lineal + duración² (2026-09-27),44.4,"[38.6, 50.1]",65.0,,,False,popularidad esperada 44.4 (±5.75) no supera el corte 65
378,0.331,0.207,0.629,0.667,122.9,3.46,-5.2,2024,0,pop,231654,43.9,0,regresion,lineal + duración² (2026-09-27),44.1,"[38.3, 49.8]",65.0,,,False,popularidad esperada 44.1 (±5.75) no supera el corte 65
379,0.132,0.566,0.262,0.628,116.8,2.63,-2.5,2022,0,pop,234457,44.5,0,regresion,lineal + duración² (2026-09-27),44.0,"[38.2, 49.7]",65.0,,,False,popularidad esperada 44.0 (±5.75) no supera el corte 65
380,0.366,0.168,0.259,0.58,152.1,3.64,-9.4,2022,1,pop,340395,52.2,0,regresion,lineal + duración² (2026-09-27),44.0,"[38.2, 49.7]",65.0,,,False,popularidad esperada 44.0 (±5.75) no supera el corte 65
381,0.401,0.391,0.205,0.64,151.0,4.23,-7.9,2024,0,pop,165452,36.3,0,regresion,lineal + duración² (2026-09-27),43.6,"[37.8, 49.3]",65.0,,,False,popularidad esperada 43.6 (±5.75) no supera el corte 65
382,0.497,0.14,0.111,0.444,66.0,3.23,-12.3,2024,0,urbano,380621,54.5,0,regresion,lineal + duración² (2026-09-27),43.5,"[37.7, 49.2]",65.0,,,False,popularidad esperada 43.5 (±5.75) no supera el corte 65
383,0.234,0.294,0.169,0.104,106.8,3.86,-8.7,2025,0,pop,250208,45.3,0,regresion,lineal + duración² (2026-09-27),43.4,"[37.7, 49.2]",65.0,,,False,popularidad esperada 43.4 (±5.75) no supera el corte 65
384,0.162,0.646,0.045,0.098,87.6,4.48,-4.9,2022,0,rock,167165,36.6,0,regresion,lineal + duración² (2026-09-27),43.1,"[37.3, 48.8]",65.0,,,False,popularidad esperada 43.1 (±5.75) no supera el corte 65
385,0.152,0.283,0.421,0.266,87.8,3.49,-6.0,2024,0,pop,231904,44.2,0,regresion,lineal + duración² (2026-09-27),43.0,"[37.3, 48.8]",65.0,,,False,popularidad esperada 43.0 (±5.75) no supera el corte 65
386,0.376,0.289,0.139,0.166,118.4,3.58,-10.9,2020,0,electronica,304408,51.1,0,regresion,lineal + duración² (2026-09-27),42.9,"[37.1, 48.6]",65.0,,,False,popularidad esperada 42.9 (±5.75) no supera el corte 65
387,0.472,0.205,0.519,0.579,126.4,2.13,-4.6,2020,0,electronica,311408,50.0,0,regresion,lineal + duración² (2026-09-27),42.9,"[37.1, 48.6]",65.0,,,False,popularidad esperada 42.9 (±5.75) no supera el corte 65
388,0.34,0.449,0.752,0.846,159.3,5.21,-9.2,2020,1,electronica,126727,31.9,0,regresion,lineal + duración² (2026-09-27),42.8,"[37.0, 48.5]",65.0,,,False,popularidad esperada 42.8 (±5.75) no supera el corte 65
389,0.478,0.449,0.052,0.807,112.6,4.06,-10.7,2024,0,pop,266772,45.2,0,regresion,lineal + duración² (2026-09-27),42.7,"[36.9, 48.4]",65.0,,,False,popularidad esperada 42.7 (±5.75) no supera el corte 65
390,0.214,0.453,0.255,0.088,104.8,2.15,-10.2,2022,0,electronica,154774,34.8,0,regresion,lineal + duración² (2026-09-27),42.5,"[36.7, 48.2]",65.0,,,False,popularidad esperada 42.5 (±5.75) no supera el corte 65
391,0.345,0.37,0.669,0.751,110.1,4.43,-11.0,2023,0,pop,192328,39.4,0,regresion,lineal + duración² (2026-09-27),42.3,"[36.6, 48.1]",65.0,,,False,popularidad esperada 42.3 (±5.75) no supera el corte 65
392,0.301,0.3,0.329,0.157,107.6,2.59,-7.1,2024,0,rock,192439,39.7,0,regresion,lineal + duración² (2026-09-27),41.5,"[35.7, 47.2]",65.0,,,False,popularidad esperada 41.5 (±5.75) no supera el corte 65
393,0.145,0.708,0.559,0.692,121.2,4.14,-5.3,2025,0,indie,210222,41.5,0,regresion,lineal + duración² (2026-09-27),41.5,"[35.8, 47.3]",65.0,,,False,popularidad esperada 41.5 (±5.75) no supera el corte 65
394,0.173,0.249,0.37,0.302,139.8,3.67,-5.8,2024,0,pop,295546,48.0,0,regresion,lineal + duración² (2026-09-27),41.5,"[35.8, 47.3]",65.0,,,False,popularidad esperada 41.5 (±5.75) no supera el corte 65
395,0.262,0.503,0.386,0.836,92.9,2.77,-10.3,2022,1,rock,114848,29.8,0,regresion,lineal + duración² (2026-09-27),41.3,"[35.5, 47.0]",65.0,,,False,popularidad esperada 41.3 (±5.75) no supera el corte 65
396,0.281,0.508,0.603,0.622,127.8,3.92,-7.8,2023,0,indie,199605,40.1,0,regresion,lineal + duración² (2026-09-27),40.9,"[35.2, 46.7]",65.0,,,False,popularidad esperada 40.9 (±5.75) no supera el corte 65
397,0.225,0.492,0.316,0.19,137.8,3.32,-11.3,2025,0,indie,277330,47.3,0,regresion,lineal + duración² (2026-09-27),40.5,"[34.8, 46.3]",65.0,,,False,popularidad esperada 40.5 (±5.75) no supera el corte 65
398,0.576,0.549,0.117,0.692,117.4,4.45,-12.9,2024,0,indie,150236,34.2,0,regresion,lineal + duración² (2026-09-27),40.3,"[34.6, 46.1]",65.0,,,False,popularidad esperada 40.3 (±5.75) no supera el corte 65
399,0.384,0.16,0.454,0.276,156.1,3.78,-7.5,2022,0,rock,159771,35.5,0,regresion,lineal + duración² (2026-09-27),40.2,"[34.4, 45.9]",65.0,,,False,popularidad esperada 40.2 (±5.75) no supera el corte 65
400,0.296,0.56,0.21,0.379,109.4,4.3,-7.7,2021,0,indie,160002,35.9,0,regresion,lineal + duración² (2026-09-27),40.0,"[34.2, 45.7]",65.0,,,False,popularidad esperada 40.0 (±5.75) no supera el corte 65
401,0.536,0.054,0.128,0.375,64.2,4.38,-4.6,2022,0,electronica,159174,34.9,0,regresion,lineal + duración² (2026-09-27),39.8,"[34.0, 45.5]",65.0,,,False,popularidad esperada 39.8 (±5.75) no supera el corte 65
402,0.348,0.144,0.326,0.327,114.8,4.36,-12.4,2021,0,urbano,249921,44.6,0,regresion,lineal + duración² (2026-09-27),39.8,"[34.1, 45.6]",65.0,,,False,popularidad esperada 39.8 (±5.75) no supera el corte 65
403,0.536,0.322,0.738,0.55,118.8,5.2,-8.5,2024,0,indie,162012,35.8,0,regresion,lineal + duración² (2026-09-27),39.4,"[33.6, 45.1]",65.0,,,False,popularidad esperada 39.4 (±5.75) no supera el corte 65
404,0.456,0.29,0.234,0.384,140.8,5.16,-11.1,2022,1,rock,225591,42.0,0,regresion,lineal + duración² (2026-09-27),38.8,"[33.0, 44.5]",65.0,,,False,popularidad esperada 38.8 (±5.75) no supera el corte 65
405,0.153,0.47,0.213,0.133,86.1,3.74,-11.8,2025,0,rock,189816,39.2,0,regresion,lineal + duración² (2026-09-27),38.6,"[32.9, 44.4]",65.0,,,False,popularidad esperada 38.6 (±5.75) no supera el corte 65
406,0.167,0.397,0.06,0.254,113.2,3.15,-8.9,2022,0,electronica,129728,31.2,0,regresion,lineal + duración² (2026-09-27),38.3,"[32.5, 44.0]",65.0,,,False,popularidad esperada 38.3 (±5.75) no supera el corte 65
407,0.192,0.467,0.716,0.357,89.1,4.62,-8.0,2020,0,indie,284973,48.4,0,regresion,lineal + duración² (2026-09-27),38.3,"[32.5, 44.0]",65.0,,,False,popularidad esperada 38.3 (±5.75) no supera el corte 65
408,0.173,0.379,0.363,0.621,133.8,4.01,-4.4,2025,0,electronica,163687,35.9,0,regresion,lineal + duración² (2026-09-27),38.3,"[32.6, 44.1]",65.0,,,False,popularidad esperada 38.3 (±5.75) no supera el corte 65
409,0.116,0.323,0.522,0.146,117.7,3.13,-8.7,2020,0,rock,138735,32.2,0,regresion,lineal + duración² (2026-09-27),38.0,"[32.3, 43.8]",65.0,,,False,popularidad esperada 38.0 (±5.75) no supera el corte 65
410,0.266,0.434,0.3,0.593,138.9,3.2,-5.8,2022,0,indie,138292,33.8,0,regresion,lineal + duración² (2026-09-27),36.8,"[31.1, 42.6]",65.0,,,False,popularidad esperada 36.8 (±5.75) no supera el corte 65
411,0.272,0.326,0.17,0.606,107.7,2.3,-12.5,2022,0,pop,259607,46.3,0,regresion,lineal + duración² (2026-09-27),34.2,"[28.5, 40.0]",65.0,,,False,popularidad esperada 34.2 (±5.75) no supera el corte 65
412,0.195,0.499,0.192,0.292,102.6,2.38,-12.9,2025,0,indie,68949,22.9,0,regresion,lineal + duración² (2026-09-27),33.9,"[28.2, 39.7]",65.0,,,False,popularidad esperada 33.9 (±5.75) no supera el corte 65
413,0.179,0.248,0.62,0.81,107.4,4.44,-6.6,2020,0,pop,167511,35.8,0,regresion,lineal + duración² (2026-09-27),33.8,"[28.0, 39.5]",65.0,,,False,popularidad esperada 33.8 (±5.75) no supera el corte 65
414,0.129,0.219,0.204,0.214,147.4,2.96,-10.1,2022,0,electronica,67151,22.4,0,regresion,lineal + duración² (2026-09-27),33.3,"[27.6, 39.1]",65.0,,,False,popularidad esperada 33.3 (±5.75) no supera el corte 65
415,0.296,0.165,0.44,0.553,112.7,3.19,-9.8,2025,0,rock,126472,31.9,0,regresion,lineal + duración² (2026-09-27),33.0,"[27.2, 38.7]",65.0,,,False,popularidad esperada 33.0 (±5.75) no supera el corte 65
